Driver,LapNumber,Position,Compound,Stint,LapTime,TiempoAcumulado
VER,1.0,1.0,MEDIUM,1.0,0 days 00:01:23.080000,0 days 00:01:23.080000
VER,2.0,1.0,MEDIUM,1.0,0 days 00:01:18.075000,0 days 00:02:41.155000
VER,3.0,1.0,MEDIUM,1.0,0 days 00:01:17.767000,0 days 00:03:58.922000
VER,4.0,1.0,MEDIUM,1.0,0 days 00:01:17.203000,0 days 00:05:16.125000
VER,5.0,1.0,MEDIUM,1.0,0 days 00:01:17.371000,0 days 00:06:33.496000
VER,6.0,1.0,MEDIUM,1.0,0 days 00:01:17.607000,0 days 00:07:51.103000
VER,7.0,1.0,MEDIUM,1.0,0 days 00:01:17.565000,0 days 00:09:08.668000
VER,8.0,1.0,MEDIUM,1.0,0 days 00:01:32.655000,0 days 00:10:41.323000
VER,9.0,1.0,MEDIUM,1.0,0 days 00:01:17.495000,0 days 00:11:58.818000
VER,10.0,1.0,MEDIUM,1.0,0 days 00:01:17.359000,0 days 00:13:16.177000
VER,11.0,1.0,MEDIUM,1.0,0 days 00:01:17.268000,0 days 00:14:33.445000
VER,12.0,1.0,MEDIUM,1.0,0 days 00:01:33.192000,0 days 00:16:06.637000
VER,13.0,1.0,HARD,2.0,0 days 00:02:29.911000,0 days 00:18:36.548000
VER,14.0,1.0,HARD,2.0,0 days 00:02:04.639000,0 days 00:20:41.187000
VER,15.0,1.0,HARD,2.0,0 days 00:01:54.677000,0 days 00:22:35.864000
VER,16.0,1.0,HARD,2.0,0 days 00:02:14.905000,0 days 00:24:50.769000
VER,17.0,1.0,HARD,2.0,0 days 00:01:17.145000,0 days 00:26:07.914000
VER,18.0,1.0,HARD,2.0,0 days 00:01:16.682000,0 days 00:27:24.596000
VER,19.0,1.0,HARD,2.0,0 days 00:01:16.630000,0 days 00:28:41.226000
VER,20.0,1.0,HARD,2.0,0 days 00:01:16.607000,0 days 00:29:57.833000
VER,21.0,1.0,HARD,2.0,0 days 00:01:16.652000,0 days 00:31:14.485000
VER,22.0,1.0,HARD,2.0,0 days 00:01:16.697000,0 days 00:32:31.182000
VER,23.0,1.0,HARD,2.0,0 days 00:01:16.946000,0 days 00:33:48.128000
VER,24.0,1.0,HARD,2.0,0 days 00:01:16.641000,0 days 00:35:04.769000
VER,25.0,1.0,HARD,2.0,0 days 00:01:16.643000,0 days 00:36:21.412000
VER,26.0,1.0,HARD,2.0,0 days 00:01:16.785000,0 days 00:37:38.197000
VER,27.0,1.0,HARD,2.0,0 days 00:01:16.928000,0 days 00:38:55.125000
VER,28.0,1.0,HARD,2.0,0 days 00:01:17.004000,0 days 00:40:12.129000
VER,29.0,1.0,HARD,2.0,0 days 00:01:16.807000,0 days 00:41:28.936000
VER,30.0,1.0,HARD,2.0,0 days 00:01:17.016000,0 days 00:42:45.952000
VER,31.0,1.0,HARD,2.0,0 days 00:01:16.849000,0 days 00:44:02.801000
VER,32.0,1.0,HARD,2.0,0 days 00:01:16.918000,0 days 00:45:19.719000
VER,33.0,1.0,HARD,2.0,0 days 00:01:16.830000,0 days 00:46:36.549000
VER,34.0,1.0,HARD,2.0,0 days 00:01:17.054000,0 days 00:47:53.603000
VER,35.0,1.0,HARD,2.0,0 days 00:01:17.225000,0 days 00:49:10.828000
VER,36.0,1.0,HARD,2.0,0 days 00:01:17.765000,0 days 00:50:28.593000
VER,37.0,1.0,HARD,2.0,0 days 00:01:17.094000,0 days 00:51:45.687000
VER,38.0,1.0,HARD,2.0,0 days 00:01:17.011000,0 days 00:53:02.698000
VER,39.0,1.0,HARD,2.0,0 days 00:01:17.273000,0 days 00:54:19.971000
VER,40.0,1.0,HARD,2.0,0 days 00:01:17.400000,0 days 00:55:37.371000
VER,41.0,1.0,HARD,2.0,0 days 00:01:17.017000,0 days 00:56:54.388000
VER,42.0,1.0,HARD,2.0,0 days 00:01:33.273000,0 days 00:58:27.661000
VER,43.0,1.0,MEDIUM,3.0,0 days 00:01:19.311000,0 days 00:59:46.972000
VER,44.0,1.0,MEDIUM,3.0,0 days 00:01:16.322000,0 days 01:01:03.294000
VER,45.0,1.0,MEDIUM,3.0,0 days 00:01:16.092000,0 days 01:02:19.386000
VER,46.0,1.0,MEDIUM,3.0,0 days 00:01:16.204000,0 days 01:03:35.590000
VER,47.0,1.0,MEDIUM,3.0,0 days 00:01:16.036000,0 days 01:04:51.626000
VER,48.0,1.0,MEDIUM,3.0,0 days 00:01:16.109000,0 days 01:06:07.735000
VER,49.0,1.0,MEDIUM,3.0,0 days 00:01:15.856000,0 days 01:07:23.591000
VER,50.0,1.0,MEDIUM,3.0,0 days 00:01:15.919000,0 days 01:08:39.510000
VER,51.0,1.0,MEDIUM,3.0,0 days 00:01:15.795000,0 days 01:09:55.305000
VER,52.0,1.0,MEDIUM,3.0,0 days 00:01:16.103000,0 days 01:11:11.408000
VER,53.0,1.0,MEDIUM,3.0,0 days 00:01:15.694000,0 days 01:12:27.102000
VER,54.0,1.0,MEDIUM,3.0,0 days 00:01:15.732000,0 days 01:13:42.834000
VER,55.0,1.0,MEDIUM,3.0,0 days 00:01:15.820000,0 days 01:14:58.654000
VER,56.0,1.0,MEDIUM,3.0,0 days 00:01:15.888000,0 days 01:16:14.542000
VER,57.0,1.0,MEDIUM,3.0,0 days 00:01:15.945000,0 days 01:17:30.487000
VER,58.0,1.0,MEDIUM,3.0,0 days 00:01:15.957000,0 days 01:18:46.444000
VER,59.0,1.0,MEDIUM,3.0,0 days 00:01:15.775000,0 days 01:20:02.219000
VER,60.0,1.0,MEDIUM,3.0,0 days 00:01:15.866000,0 days 01:21:18.085000
VER,61.0,1.0,MEDIUM,3.0,0 days 00:01:15.928000,0 days 01:22:34.013000
VER,62.0,1.0,MEDIUM,3.0,0 days 00:01:15.933000,0 days 01:23:49.946000
VER,63.0,1.0,MEDIUM,3.0,0 days 00:01:15.937000,0 days 01:25:05.883000
VER,64.0,1.0,MEDIUM,3.0,0 days 00:01:16.214000,0 days 01:26:22.097000
VER,65.0,1.0,MEDIUM,3.0,0 days 00:01:15.897000,0 days 01:27:37.994000
VER,66.0,1.0,MEDIUM,3.0,0 days 00:01:16.233000,0 days 01:28:54.227000
VER,67.0,1.0,MEDIUM,3.0,0 days 00:01:16.121000,0 days 01:30:10.348000
VER,68.0,1.0,MEDIUM,3.0,0 days 00:01:15.594000,0 days 01:31:25.942000
VER,69.0,1.0,MEDIUM,3.0,0 days 00:01:16.169000,0 days 01:32:42.111000
VER,70.0,1,MEDIUM,3.0,0 days 00:01:16.237000,0 days 01:33:58.348000
ALO,1.0,3.0,MEDIUM,1.0,0 days 00:01:24.892000,0 days 00:01:24.892000
ALO,2.0,3.0,MEDIUM,1.0,0 days 00:01:18.599000,0 days 00:02:43.491000
ALO,3.0,3.0,MEDIUM,1.0,0 days 00:01:17.438000,0 days 00:04:00.929000
ALO,4.0,3.0,MEDIUM,1.0,0 days 00:01:17.326000,0 days 00:05:18.255000
ALO,5.0,3.0,MEDIUM,1.0,0 days 00:01:17.594000,0 days 00:06:35.849000
ALO,6.0,3.0,MEDIUM,1.0,0 days 00:01:17.820000,0 days 00:07:53.669000
ALO,7.0,3.0,MEDIUM,1.0,0 days 00:01:18.208000,0 days 00:09:11.877000
ALO,8.0,3.0,MEDIUM,1.0,0 days 00:01:33.379000,0 days 00:10:45.256000
ALO,9.0,3.0,MEDIUM,1.0,0 days 00:01:17.680000,0 days 00:12:02.936000
ALO,10.0,3.0,MEDIUM,1.0,0 days 00:01:17.789000,0 days 00:13:20.725000
ALO,11.0,3.0,MEDIUM,1.0,0 days 00:01:17.393000,0 days 00:14:38.118000
ALO,12.0,3.0,MEDIUM,1.0,0 days 00:01:39.554000,0 days 00:16:17.672000
ALO,13.0,3.0,HARD,2.0,0 days 00:02:21.915000,0 days 00:18:39.587000
ALO,14.0,3.0,HARD,2.0,0 days 00:02:04.288000,0 days 00:20:43.875000
ALO,15.0,3.0,HARD,2.0,0 days 00:01:54.680000,0 days 00:22:38.555000
ALO,16.0,3.0,HARD,2.0,0 days 00:02:12.916000,0 days 00:24:51.471000
ALO,17.0,3.0,HARD,2.0,0 days 00:01:18.498000,0 days 00:26:09.969000
ALO,18.0,3.0,HARD,2.0,0 days 00:01:17.073000,0 days 00:27:27.042000
ALO,19.0,3.0,HARD,2.0,0 days 00:01:16.575000,0 days 00:28:43.617000
ALO,20.0,3.0,HARD,2.0,0 days 00:01:16.767000,0 days 00:30:00.384000
ALO,21.0,3.0,HARD,2.0,0 days 00:01:16.800000,0 days 00:31:17.184000
ALO,22.0,2.0,HARD,2.0,0 days 00:01:16.755000,0 days 00:32:33.939000
ALO,23.0,2.0,HARD,2.0,0 days 00:01:17.008000,0 days 00:33:50.947000
ALO,24.0,2.0,HARD,2.0,0 days 00:01:16.929000,0 days 00:35:07.876000
ALO,25.0,2.0,HARD,2.0,0 days 00:01:16.922000,0 days 00:36:24.798000
ALO,26.0,2.0,HARD,2.0,0 days 00:01:16.979000,0 days 00:37:41.777000
ALO,27.0,2.0,HARD,2.0,0 days 00:01:16.819000,0 days 00:38:58.596000
ALO,28.0,2.0,HARD,2.0,0 days 00:01:17.010000,0 days 00:40:15.606000
ALO,29.0,2.0,HARD,2.0,0 days 00:01:17.252000,0 days 00:41:32.858000
ALO,30.0,2.0,HARD,2.0,0 days 00:01:17.295000,0 days 00:42:50.153000
ALO,31.0,2.0,HARD,2.0,0 days 00:01:17.113000,0 days 00:44:07.266000
ALO,32.0,2.0,HARD,2.0,0 days 00:01:17.667000,0 days 00:45:24.933000
ALO,33.0,2.0,HARD,2.0,0 days 00:01:16.991000,0 days 00:46:41.924000
ALO,34.0,2.0,HARD,2.0,0 days 00:01:17.069000,0 days 00:47:58.993000
ALO,35.0,2.0,HARD,2.0,0 days 00:01:17.147000,0 days 00:49:16.140000
ALO,36.0,2.0,HARD,2.0,0 days 00:01:17.649000,0 days 00:50:33.789000
ALO,37.0,2.0,HARD,2.0,0 days 00:01:17.169000,0 days 00:51:50.958000
ALO,38.0,2.0,HARD,2.0,0 days 00:01:17.077000,0 days 00:53:08.035000
ALO,39.0,2.0,HARD,2.0,0 days 00:01:17.026000,0 days 00:54:25.061000
ALO,40.0,2.0,HARD,2.0,0 days 00:01:17.255000,0 days 00:55:42.316000
ALO,41.0,2.0,HARD,2.0,0 days 00:01:33.629000,0 days 00:57:15.945000
ALO,42.0,2.0,HARD,3.0,0 days 00:01:19.272000,0 days 00:58:35.217000
ALO,43.0,2.0,HARD,3.0,0 days 00:01:16.258000,0 days 00:59:51.475000
ALO,44.0,2.0,HARD,3.0,0 days 00:01:16.368000,0 days 01:01:07.843000
ALO,45.0,2.0,HARD,3.0,0 days 00:01:16.052000,0 days 01:02:23.895000
ALO,46.0,2.0,HARD,3.0,0 days 00:01:15.891000,0 days 01:03:39.786000
ALO,47.0,2.0,HARD,3.0,0 days 00:01:17.367000,0 days 01:04:57.153000
ALO,48.0,2.0,HARD,3.0,0 days 00:01:16.045000,0 days 01:06:13.198000
ALO,49.0,2.0,HARD,3.0,0 days 00:01:15.895000,0 days 01:07:29.093000
ALO,50.0,2.0,HARD,3.0,0 days 00:01:16.264000,0 days 01:08:45.357000
ALO,51.0,2.0,HARD,3.0,0 days 00:01:16.185000,0 days 01:10:01.542000
ALO,52.0,2.0,HARD,3.0,0 days 00:01:16.197000,0 days 01:11:17.739000
ALO,53.0,2.0,HARD,3.0,0 days 00:01:15.809000,0 days 01:12:33.548000
ALO,54.0,2.0,HARD,3.0,0 days 00:01:16.219000,0 days 01:13:49.767000
ALO,55.0,2.0,HARD,3.0,0 days 00:01:16.187000,0 days 01:15:05.954000
ALO,56.0,2.0,HARD,3.0,0 days 00:01:16.164000,0 days 01:16:22.118000
ALO,57.0,2.0,HARD,3.0,0 days 00:01:16.162000,0 days 01:17:38.280000
ALO,58.0,2.0,HARD,3.0,0 days 00:01:15.970000,0 days 01:18:54.250000
ALO,59.0,2.0,HARD,3.0,0 days 00:01:15.912000,0 days 01:20:10.162000
ALO,60.0,2.0,HARD,3.0,0 days 00:01:16.190000,0 days 01:21:26.352000
ALO,61.0,2.0,HARD,3.0,0 days 00:01:15.853000,0 days 01:22:42.205000
ALO,62.0,2.0,HARD,3.0,0 days 00:01:15.779000,0 days 01:23:57.984000
ALO,63.0,2.0,HARD,3.0,0 days 00:01:15.954000,0 days 01:25:13.938000
ALO,64.0,2.0,HARD,3.0,0 days 00:01:15.938000,0 days 01:26:29.876000
ALO,65.0,2.0,HARD,3.0,0 days 00:01:16.185000,0 days 01:27:46.061000
ALO,66.0,2.0,HARD,3.0,0 days 00:01:16.284000,0 days 01:29:02.345000
ALO,67.0,2.0,HARD,3.0,0 days 00:01:16.810000,0 days 01:30:19.155000
ALO,68.0,2.0,HARD,3.0,0 days 00:01:16.607000,0 days 01:31:35.762000
ALO,69.0,2.0,HARD,3.0,0 days 00:01:15.810000,0 days 01:32:51.572000
ALO,70.0,2,HARD,3.0,0 days 00:01:16.346000,0 days 01:34:07.918000
HAM,1.0,2.0,MEDIUM,1.0,0 days 00:01:23.978000,0 days 00:01:23.978000
HAM,2.0,2.0,MEDIUM,1.0,0 days 00:01:18.397000,0 days 00:02:42.375000
HAM,3.0,2.0,MEDIUM,1.0,0 days 00:01:17.732000,0 days 00:04:00.107000
HAM,4.0,2.0,MEDIUM,1.0,0 days 00:01:17.558000,0 days 00:05:17.665000
HAM,5.0,2.0,MEDIUM,1.0,0 days 00:01:17.686000,0 days 00:06:35.351000
HAM,6.0,2.0,MEDIUM,1.0,0 days 00:01:17.780000,0 days 00:07:53.131000
HAM,7.0,2.0,MEDIUM,1.0,0 days 00:01:17.955000,0 days 00:09:11.086000
HAM,8.0,2.0,MEDIUM,1.0,0 days 00:01:33.462000,0 days 00:10:44.548000
HAM,9.0,2.0,MEDIUM,1.0,0 days 00:01:17.616000,0 days 00:12:02.164000
HAM,10.0,2.0,MEDIUM,1.0,0 days 00:01:17.597000,0 days 00:13:19.761000
HAM,11.0,2.0,MEDIUM,1.0,0 days 00:01:17.692000,0 days 00:14:37.453000
HAM,12.0,2.0,MEDIUM,1.0,0 days 00:01:39.747000,0 days 00:16:17.200000
HAM,13.0,2.0,HARD,2.0,0 days 00:02:21.261000,0 days 00:18:38.461000
HAM,14.0,2.0,HARD,2.0,0 days 00:02:04.238000,0 days 00:20:42.699000
HAM,15.0,2.0,HARD,2.0,0 days 00:01:54.617000,0 days 00:22:37.316000
HAM,16.0,2.0,HARD,2.0,0 days 00:02:13.896000,0 days 00:24:51.212000
HAM,17.0,2.0,HARD,2.0,0 days 00:01:17.873000,0 days 00:26:09.085000
HAM,18.0,2.0,HARD,2.0,0 days 00:01:17.081000,0 days 00:27:26.166000
HAM,19.0,2.0,HARD,2.0,0 days 00:01:16.786000,0 days 00:28:42.952000
HAM,20.0,2.0,HARD,2.0,0 days 00:01:16.799000,0 days 00:29:59.751000
HAM,21.0,2.0,HARD,2.0,0 days 00:01:16.848000,0 days 00:31:16.599000
HAM,22.0,3.0,HARD,2.0,0 days 00:01:17.475000,0 days 00:32:34.074000
HAM,23.0,3.0,HARD,2.0,0 days 00:01:17.694000,0 days 00:33:51.768000
HAM,24.0,3.0,HARD,2.0,0 days 00:01:17.241000,0 days 00:35:09.009000
HAM,25.0,3.0,HARD,2.0,0 days 00:01:17.042000,0 days 00:36:26.051000
HAM,26.0,3.0,HARD,2.0,0 days 00:01:17.150000,0 days 00:37:43.201000
HAM,27.0,3.0,HARD,2.0,0 days 00:01:17.051000,0 days 00:39:00.252000
HAM,28.0,3.0,HARD,2.0,0 days 00:01:17.401000,0 days 00:40:17.653000
HAM,29.0,3.0,HARD,2.0,0 days 00:01:17.790000,0 days 00:41:35.443000
HAM,30.0,3.0,HARD,2.0,0 days 00:01:17.176000,0 days 00:42:52.619000
HAM,31.0,3.0,HARD,2.0,0 days 00:01:17.251000,0 days 00:44:09.870000
HAM,32.0,3.0,HARD,2.0,0 days 00:01:17.599000,0 days 00:45:27.469000
HAM,33.0,3.0,HARD,2.0,0 days 00:01:17.279000,0 days 00:46:44.748000
HAM,34.0,3.0,HARD,2.0,0 days 00:01:17.500000,0 days 00:48:02.248000
HAM,35.0,3.0,HARD,2.0,0 days 00:01:17.650000,0 days 00:49:19.898000
HAM,36.0,3.0,HARD,2.0,0 days 00:01:17.875000,0 days 00:50:37.773000
HAM,37.0,3.0,HARD,2.0,0 days 00:01:17.036000,0 days 00:51:54.809000
HAM,38.0,3.0,HARD,2.0,0 days 00:01:17.438000,0 days 00:53:12.247000
HAM,39.0,3.0,HARD,2.0,0 days 00:01:17.517000,0 days 00:54:29.764000
HAM,40.0,3.0,HARD,2.0,0 days 00:01:33.525000,0 days 00:56:03.289000
HAM,41.0,3.0,MEDIUM,3.0,0 days 00:01:20.396000,0 days 00:57:23.685000
HAM,42.0,3.0,MEDIUM,3.0,0 days 00:01:16.905000,0 days 00:58:40.590000
HAM,43.0,3.0,MEDIUM,3.0,0 days 00:01:16.281000,0 days 00:59:56.871000
HAM,44.0,3.0,MEDIUM,3.0,0 days 00:01:16.003000,0 days 01:01:12.874000
HAM,45.0,3.0,MEDIUM,3.0,0 days 00:01:16.005000,0 days 01:02:28.879000
HAM,46.0,3.0,MEDIUM,3.0,0 days 00:01:15.879000,0 days 01:03:44.758000
HAM,47.0,3.0,MEDIUM,3.0,0 days 00:01:15.396000,0 days 01:05:00.154000
HAM,48.0,3.0,MEDIUM,3.0,0 days 00:01:16.311000,0 days 01:06:16.465000
HAM,49.0,3.0,MEDIUM,3.0,0 days 00:01:16.114000,0 days 01:07:32.579000
HAM,50.0,3.0,MEDIUM,3.0,0 days 00:01:16.246000,0 days 01:08:48.825000
HAM,51.0,3.0,MEDIUM,3.0,0 days 00:01:16.102000,0 days 01:10:04.927000
HAM,52.0,3.0,MEDIUM,3.0,0 days 00:01:15.691000,0 days 01:11:20.618000
HAM,53.0,3.0,MEDIUM,3.0,0 days 00:01:16.019000,0 days 01:12:36.637000
HAM,54.0,3.0,MEDIUM,3.0,0 days 00:01:15.541000,0 days 01:13:52.178000
HAM,55.0,3.0,MEDIUM,3.0,0 days 00:01:16.102000,0 days 01:15:08.280000
HAM,56.0,3.0,MEDIUM,3.0,0 days 00:01:15.793000,0 days 01:16:24.073000
HAM,57.0,3.0,MEDIUM,3.0,0 days 00:01:15.810000,0 days 01:17:39.883000
HAM,58.0,3.0,MEDIUM,3.0,0 days 00:01:15.802000,0 days 01:18:55.685000
HAM,59.0,3.0,MEDIUM,3.0,0 days 00:01:15.972000,0 days 01:20:11.657000
HAM,60.0,3.0,MEDIUM,3.0,0 days 00:01:16.133000,0 days 01:21:27.790000
HAM,61.0,3.0,MEDIUM,3.0,0 days 00:01:16.292000,0 days 01:22:44.082000
HAM,62.0,3.0,MEDIUM,3.0,0 days 00:01:16.027000,0 days 01:24:00.109000
HAM,63.0,3.0,MEDIUM,3.0,0 days 00:01:16.368000,0 days 01:25:16.477000
HAM,64.0,3.0,MEDIUM,3.0,0 days 00:01:16.316000,0 days 01:26:32.793000
HAM,65.0,3.0,MEDIUM,3.0,0 days 00:01:16.121000,0 days 01:27:48.914000
HAM,66.0,3.0,MEDIUM,3.0,0 days 00:01:16.537000,0 days 01:29:05.451000
HAM,67.0,3.0,MEDIUM,3.0,0 days 00:01:16.651000,0 days 01:30:22.102000
HAM,68.0,3.0,MEDIUM,3.0,0 days 00:01:16.854000,0 days 01:31:38.956000
HAM,69.0,3.0,MEDIUM,3.0,0 days 00:01:16.391000,0 days 01:32:55.347000
HAM,70.0,3,MEDIUM,3.0,0 days 00:01:17.169000,0 days 01:34:12.516000
LEC,1.0,9.0,MEDIUM,1.0,0 days 00:01:28.596000,0 days 00:01:28.596000
LEC,2.0,9.0,MEDIUM,1.0,0 days 00:01:19.777000,0 days 00:02:48.373000
LEC,3.0,9.0,MEDIUM,1.0,0 days 00:01:18.528000,0 days 00:04:06.901000
LEC,4.0,9.0,MEDIUM,1.0,0 days 00:01:18.648000,0 days 00:05:25.549000
LEC,5.0,9.0,MEDIUM,1.0,0 days 00:01:18.708000,0 days 00:06:44.257000
LEC,6.0,9.0,MEDIUM,1.0,0 days 00:01:18.561000,0 days 00:08:02.818000
LEC,7.0,9.0,MEDIUM,1.0,0 days 00:01:19.486000,0 days 00:09:22.304000
LEC,8.0,9.0,MEDIUM,1.0,0 days 00:01:33.395000,0 days 00:10:55.699000
LEC,9.0,9.0,MEDIUM,1.0,0 days 00:01:18.714000,0 days 00:12:14.413000
LEC,10.0,9.0,MEDIUM,1.0,0 days 00:01:19.321000,0 days 00:13:33.734000
LEC,11.0,8.0,MEDIUM,1.0,0 days 00:01:18.254000,0 days 00:14:51.988000
LEC,12.0,4.0,MEDIUM,1.0,0 days 00:01:33.680000,0 days 00:16:25.668000
LEC,13.0,4.0,MEDIUM,1.0,0 days 00:02:15.744000,0 days 00:18:41.412000
LEC,14.0,4.0,MEDIUM,1.0,0 days 00:02:04.051000,0 days 00:20:45.463000
LEC,15.0,4.0,MEDIUM,1.0,0 days 00:01:54.498000,0 days 00:22:39.961000
LEC,16.0,4.0,MEDIUM,1.0,0 days 00:02:12.066000,0 days 00:24:52.027000
LEC,17.0,4.0,MEDIUM,1.0,0 days 00:01:18.548000,0 days 00:26:10.575000
LEC,18.0,4.0,MEDIUM,1.0,0 days 00:01:17.479000,0 days 00:27:28.054000
LEC,19.0,4.0,MEDIUM,1.0,0 days 00:01:17.003000,0 days 00:28:45.057000
LEC,20.0,4.0,MEDIUM,1.0,0 days 00:01:17.056000,0 days 00:30:02.113000
LEC,21.0,4.0,MEDIUM,1.0,0 days 00:01:17.030000,0 days 00:31:19.143000
LEC,22.0,4.0,MEDIUM,1.0,0 days 00:01:17.270000,0 days 00:32:36.413000
LEC,23.0,4.0,MEDIUM,1.0,0 days 00:01:17.188000,0 days 00:33:53.601000
LEC,24.0,4.0,MEDIUM,1.0,0 days 00:01:17.212000,0 days 00:35:10.813000
LEC,25.0,4.0,MEDIUM,1.0,0 days 00:01:17.210000,0 days 00:36:28.023000
LEC,26.0,4.0,MEDIUM,1.0,0 days 00:01:17.353000,0 days 00:37:45.376000
LEC,27.0,4.0,MEDIUM,1.0,0 days 00:01:17.606000,0 days 00:39:02.982000
LEC,28.0,4.0,MEDIUM,1.0,0 days 00:01:17.434000,0 days 00:40:20.416000
LEC,29.0,4.0,MEDIUM,1.0,0 days 00:01:17.540000,0 days 00:41:37.956000
LEC,30.0,4.0,MEDIUM,1.0,0 days 00:01:17.692000,0 days 00:42:55.648000
LEC,31.0,4.0,MEDIUM,1.0,0 days 00:01:17.382000,0 days 00:44:13.030000
LEC,32.0,4.0,MEDIUM,1.0,0 days 00:01:17.387000,0 days 00:45:30.417000
LEC,33.0,4.0,MEDIUM,1.0,0 days 00:01:17.189000,0 days 00:46:47.606000
LEC,34.0,4.0,MEDIUM,1.0,0 days 00:01:17.461000,0 days 00:48:05.067000
LEC,35.0,4.0,MEDIUM,1.0,0 days 00:01:17.742000,0 days 00:49:22.809000
LEC,36.0,4.0,MEDIUM,1.0,0 days 00:01:18.034000,0 days 00:50:40.843000
LEC,37.0,4.0,MEDIUM,1.0,0 days 00:01:17.421000,0 days 00:51:58.264000
LEC,38.0,4.0,MEDIUM,1.0,0 days 00:01:17.566000,0 days 00:53:15.830000
LEC,39.0,4.0,MEDIUM,1.0,0 days 00:01:34.031000,0 days 00:54:49.861000
LEC,40.0,4.0,HARD,2.0,0 days 00:01:20.182000,0 days 00:56:10.043000
LEC,41.0,4.0,HARD,2.0,0 days 00:01:17.006000,0 days 00:57:27.049000
LEC,42.0,4.0,HARD,2.0,0 days 00:01:16.180000,0 days 00:58:43.229000
LEC,43.0,4.0,HARD,2.0,0 days 00:01:16.300000,0 days 00:59:59.529000
LEC,44.0,4.0,HARD,2.0,0 days 00:01:16.143000,0 days 01:01:15.672000
LEC,45.0,4.0,HARD,2.0,0 days 00:01:16.401000,0 days 01:02:32.073000
LEC,46.0,4.0,HARD,2.0,0 days 00:01:16.131000,0 days 01:03:48.204000
LEC,47.0,4.0,HARD,2.0,0 days 00:01:15.907000,0 days 01:05:04.111000
LEC,48.0,4.0,HARD,2.0,0 days 00:01:15.959000,0 days 01:06:20.070000
LEC,49.0,4.0,HARD,2.0,0 days 00:01:15.968000,0 days 01:07:36.038000
LEC,50.0,4.0,HARD,2.0,0 days 00:01:16.275000,0 days 01:08:52.313000
LEC,51.0,4.0,HARD,2.0,0 days 00:01:16.191000,0 days 01:10:08.504000
LEC,52.0,4.0,HARD,2.0,0 days 00:01:16.125000,0 days 01:11:24.629000
LEC,53.0,4.0,HARD,2.0,0 days 00:01:15.960000,0 days 01:12:40.589000
LEC,54.0,4.0,HARD,2.0,0 days 00:01:16.126000,0 days 01:13:56.715000
LEC,55.0,4.0,HARD,2.0,0 days 00:01:16.045000,0 days 01:15:12.760000
LEC,56.0,4.0,HARD,2.0,0 days 00:01:16.213000,0 days 01:16:28.973000
LEC,57.0,4.0,HARD,2.0,0 days 00:01:15.968000,0 days 01:17:44.941000
LEC,58.0,4.0,HARD,2.0,0 days 00:01:16.304000,0 days 01:19:01.245000
LEC,59.0,4.0,HARD,2.0,0 days 00:01:15.961000,0 days 01:20:17.206000
LEC,60.0,4.0,HARD,2.0,0 days 00:01:16.241000,0 days 01:21:33.447000
LEC,61.0,4.0,HARD,2.0,0 days 00:01:16.075000,0 days 01:22:49.522000
LEC,62.0,4.0,HARD,2.0,0 days 00:01:16.200000,0 days 01:24:05.722000
LEC,63.0,4.0,HARD,2.0,0 days 00:01:16.135000,0 days 01:25:21.857000
LEC,64.0,4.0,HARD,2.0,0 days 00:01:15.946000,0 days 01:26:37.803000
LEC,65.0,4.0,HARD,2.0,0 days 00:01:16.266000,0 days 01:27:54.069000
LEC,66.0,4.0,HARD,2.0,0 days 00:01:16.241000,0 days 01:29:10.310000
LEC,67.0,4.0,HARD,2.0,0 days 00:01:16.717000,0 days 01:30:27.027000
LEC,68.0,4.0,HARD,2.0,0 days 00:01:16.275000,0 days 01:31:43.302000
LEC,69.0,4.0,HARD,2.0,0 days 00:01:16.497000,0 days 01:32:59.799000
LEC,70.0,4,HARD,2.0,0 days 00:01:17.197000,0 days 01:34:16.996000
SAI,1.0,11.0,MEDIUM,1.0,0 days 00:01:30.282000,0 days 00:01:30.282000
SAI,2.0,11.0,MEDIUM,1.0,0 days 00:01:18.944000,0 days 00:02:49.226000
SAI,3.0,11.0,MEDIUM,1.0,0 days 00:01:18.860000,0 days 00:04:08.086000
SAI,4.0,11.0,MEDIUM,1.0,0 days 00:01:18.579000,0 days 00:05:26.665000
SAI,5.0,11.0,MEDIUM,1.0,0 days 00:01:18.539000,0 days 00:06:45.204000
SAI,6.0,11.0,MEDIUM,1.0,0 days 00:01:18.599000,0 days 00:08:03.803000
SAI,7.0,11.0,MEDIUM,1.0,0 days 00:01:19.321000,0 days 00:09:23.124000
SAI,8.0,11.0,MEDIUM,1.0,0 days 00:01:33.566000,0 days 00:10:56.690000
SAI,9.0,11.0,MEDIUM,1.0,0 days 00:01:18.749000,0 days 00:12:15.439000
SAI,10.0,11.0,MEDIUM,1.0,0 days 00:01:19.260000,0 days 00:13:34.699000
SAI,11.0,10.0,MEDIUM,1.0,0 days 00:01:18.723000,0 days 00:14:53.422000
SAI,12.0,5.0,MEDIUM,1.0,0 days 00:01:33.796000,0 days 00:16:27.218000
SAI,13.0,5.0,MEDIUM,1.0,0 days 00:02:14.981000,0 days 00:18:42.199000
SAI,14.0,5.0,MEDIUM,1.0,0 days 00:02:04.561000,0 days 00:20:46.760000
SAI,15.0,5.0,MEDIUM,1.0,0 days 00:01:54.358000,0 days 00:22:41.118000
SAI,16.0,5.0,MEDIUM,1.0,0 days 00:02:11.509000,0 days 00:24:52.627000
SAI,17.0,5.0,MEDIUM,1.0,0 days 00:01:18.682000,0 days 00:26:11.309000
SAI,18.0,5.0,MEDIUM,1.0,0 days 00:01:17.425000,0 days 00:27:28.734000
SAI,19.0,5.0,MEDIUM,1.0,0 days 00:01:16.829000,0 days 00:28:45.563000
SAI,20.0,5.0,MEDIUM,1.0,0 days 00:01:16.961000,0 days 00:30:02.524000
SAI,21.0,5.0,MEDIUM,1.0,0 days 00:01:17.337000,0 days 00:31:19.861000
SAI,22.0,5.0,MEDIUM,1.0,0 days 00:01:17.036000,0 days 00:32:36.897000
SAI,23.0,5.0,MEDIUM,1.0,0 days 00:01:17.353000,0 days 00:33:54.250000
SAI,24.0,5.0,MEDIUM,1.0,0 days 00:01:17.238000,0 days 00:35:11.488000
SAI,25.0,5.0,MEDIUM,1.0,0 days 00:01:17.854000,0 days 00:36:29.342000
SAI,26.0,5.0,MEDIUM,1.0,0 days 00:01:17.870000,0 days 00:37:47.212000
SAI,27.0,5.0,MEDIUM,1.0,0 days 00:01:17.643000,0 days 00:39:04.855000
SAI,28.0,5.0,MEDIUM,1.0,0 days 00:01:17.569000,0 days 00:40:22.424000
SAI,29.0,5.0,MEDIUM,1.0,0 days 00:01:17.432000,0 days 00:41:39.856000
SAI,30.0,5.0,MEDIUM,1.0,0 days 00:01:17.421000,0 days 00:42:57.277000
SAI,31.0,5.0,MEDIUM,1.0,0 days 00:01:17.440000,0 days 00:44:14.717000
SAI,32.0,5.0,MEDIUM,1.0,0 days 00:01:17.359000,0 days 00:45:32.076000
SAI,33.0,5.0,MEDIUM,1.0,0 days 00:01:17.533000,0 days 00:46:49.609000
SAI,34.0,5.0,MEDIUM,1.0,0 days 00:01:17.636000,0 days 00:48:07.245000
SAI,35.0,5.0,MEDIUM,1.0,0 days 00:01:17.452000,0 days 00:49:24.697000
SAI,36.0,5.0,MEDIUM,1.0,0 days 00:01:17.854000,0 days 00:50:42.551000
SAI,37.0,5.0,MEDIUM,1.0,0 days 00:01:17.495000,0 days 00:52:00.046000
SAI,38.0,5.0,MEDIUM,1.0,0 days 00:01:34.125000,0 days 00:53:34.171000
SAI,39.0,5.0,HARD,2.0,0 days 00:01:20.059000,0 days 00:54:54.230000
SAI,40.0,5.0,HARD,2.0,0 days 00:01:17.039000,0 days 00:56:11.269000
SAI,41.0,5.0,HARD,2.0,0 days 00:01:16.430000,0 days 00:57:27.699000
SAI,42.0,5.0,HARD,2.0,0 days 00:01:16.722000,0 days 00:58:44.421000
SAI,43.0,5.0,HARD,2.0,0 days 00:01:17.079000,0 days 01:00:01.500000
SAI,44.0,5.0,HARD,2.0,0 days 00:01:16.525000,0 days 01:01:18.025000
SAI,45.0,5.0,HARD,2.0,0 days 00:01:16.099000,0 days 01:02:34.124000
SAI,46.0,5.0,HARD,2.0,0 days 00:01:16.100000,0 days 01:03:50.224000
SAI,47.0,5.0,HARD,2.0,0 days 00:01:15.911000,0 days 01:05:06.135000
SAI,48.0,5.0,HARD,2.0,0 days 00:01:16.195000,0 days 01:06:22.330000
SAI,49.0,5.0,HARD,2.0,0 days 00:01:16.062000,0 days 01:07:38.392000
SAI,50.0,5.0,HARD,2.0,0 days 00:01:16.304000,0 days 01:08:54.696000
SAI,51.0,5.0,HARD,2.0,0 days 00:01:16.188000,0 days 01:10:10.884000
SAI,52.0,5.0,HARD,2.0,0 days 00:01:16.091000,0 days 01:11:26.975000
SAI,53.0,5.0,HARD,2.0,0 days 00:01:16.058000,0 days 01:12:43.033000
SAI,54.0,5.0,HARD,2.0,0 days 00:01:16.321000,0 days 01:13:59.354000
SAI,55.0,5.0,HARD,2.0,0 days 00:01:15.954000,0 days 01:15:15.308000
SAI,56.0,5.0,HARD,2.0,0 days 00:01:16.357000,0 days 01:16:31.665000
SAI,57.0,5.0,HARD,2.0,0 days 00:01:16.802000,0 days 01:17:48.467000
SAI,58.0,5.0,HARD,2.0,0 days 00:01:16.140000,0 days 01:19:04.607000
SAI,59.0,5.0,HARD,2.0,0 days 00:01:15.966000,0 days 01:20:20.573000
SAI,60.0,5.0,HARD,2.0,0 days 00:01:15.947000,0 days 01:21:36.520000
SAI,61.0,5.0,HARD,2.0,0 days 00:01:16.007000,0 days 01:22:52.527000
SAI,62.0,5.0,HARD,2.0,0 days 00:01:16.186000,0 days 01:24:08.713000
SAI,63.0,5.0,HARD,2.0,0 days 00:01:16.045000,0 days 01:25:24.758000
SAI,64.0,5.0,HARD,2.0,0 days 00:01:16.028000,0 days 01:26:40.786000
SAI,65.0,5.0,HARD,2.0,0 days 00:01:16.328000,0 days 01:27:57.114000
SAI,66.0,5.0,HARD,2.0,0 days 00:01:16.672000,0 days 01:29:13.786000
SAI,67.0,5.0,HARD,2.0,0 days 00:01:16.307000,0 days 01:30:30.093000
SAI,68.0,5.0,HARD,2.0,0 days 00:01:16.541000,0 days 01:31:46.634000
SAI,69.0,5.0,HARD,2.0,0 days 00:01:16.349000,0 days 01:33:02.983000
SAI,70.0,5,HARD,2.0,0 days 00:01:16.905000,0 days 01:34:19.888000
PER,1.0,12.0,HARD,1.0,0 days 00:01:30.734000,0 days 00:01:30.734000
PER,2.0,12.0,HARD,1.0,0 days 00:01:19.273000,0 days 00:02:50.007000
PER,3.0,12.0,HARD,1.0,0 days 00:01:18.510000,0 days 00:04:08.517000
PER,4.0,12.0,HARD,1.0,0 days 00:01:18.656000,0 days 00:05:27.173000
PER,5.0,12.0,HARD,1.0,0 days 00:01:18.450000,0 days 00:06:45.623000
PER,6.0,12.0,HARD,1.0,0 days 00:01:18.734000,0 days 00:08:04.357000
PER,7.0,12.0,HARD,1.0,0 days 00:01:19.228000,0 days 00:09:23.585000
PER,8.0,12.0,HARD,1.0,0 days 00:01:33.707000,0 days 00:10:57.292000
PER,9.0,12.0,HARD,1.0,0 days 00:01:18.635000,0 days 00:12:15.927000
PER,10.0,12.0,HARD,1.0,0 days 00:01:19.279000,0 days 00:13:35.206000
PER,11.0,11.0,HARD,1.0,0 days 00:01:18.748000,0 days 00:14:53.954000
PER,12.0,6.0,HARD,1.0,0 days 00:01:34.040000,0 days 00:16:27.994000
PER,13.0,6.0,HARD,1.0,0 days 00:02:14.770000,0 days 00:18:42.764000
PER,14.0,6.0,HARD,1.0,0 days 00:02:04.543000,0 days 00:20:47.307000
PER,15.0,6.0,HARD,1.0,0 days 00:01:54.242000,0 days 00:22:41.549000
PER,16.0,6.0,HARD,1.0,0 days 00:02:11.415000,0 days 00:24:52.964000
PER,17.0,6.0,HARD,1.0,0 days 00:01:19.091000,0 days 00:26:12.055000
PER,18.0,6.0,HARD,1.0,0 days 00:01:17.813000,0 days 00:27:29.868000
PER,19.0,6.0,HARD,1.0,0 days 00:01:17.754000,0 days 00:28:47.622000
PER,20.0,6.0,HARD,1.0,0 days 00:01:17.725000,0 days 00:30:05.347000
PER,21.0,6.0,HARD,1.0,0 days 00:01:17.406000,0 days 00:31:22.753000
PER,22.0,6.0,HARD,1.0,0 days 00:01:17.701000,0 days 00:32:40.454000
PER,23.0,6.0,HARD,1.0,0 days 00:01:17.596000,0 days 00:33:58.050000
PER,24.0,6.0,HARD,1.0,0 days 00:01:17.435000,0 days 00:35:15.485000
PER,25.0,6.0,HARD,1.0,0 days 00:01:17.545000,0 days 00:36:33.030000
PER,26.0,6.0,HARD,1.0,0 days 00:01:17.495000,0 days 00:37:50.525000
PER,27.0,6.0,HARD,1.0,0 days 00:01:17.822000,0 days 00:39:08.347000
PER,28.0,6.0,HARD,1.0,0 days 00:01:17.642000,0 days 00:40:25.989000
PER,29.0,6.0,HARD,1.0,0 days 00:01:17.698000,0 days 00:41:43.687000
PER,30.0,6.0,HARD,1.0,0 days 00:01:17.574000,0 days 00:43:01.261000
PER,31.0,6.0,HARD,1.0,0 days 00:01:17.742000,0 days 00:44:19.003000
PER,32.0,6.0,HARD,1.0,0 days 00:01:17.721000,0 days 00:45:36.724000
PER,33.0,6.0,HARD,1.0,0 days 00:01:17.986000,0 days 00:46:54.710000
PER,34.0,6.0,HARD,1.0,0 days 00:01:17.967000,0 days 00:48:12.677000
PER,35.0,6.0,HARD,1.0,0 days 00:01:17.742000,0 days 00:49:30.419000
PER,36.0,6.0,HARD,1.0,0 days 00:01:18.470000,0 days 00:50:48.889000
PER,37.0,6.0,HARD,1.0,0 days 00:01:33.650000,0 days 00:52:22.539000
PER,38.0,7.0,MEDIUM,2.0,0 days 00:01:19.774000,0 days 00:53:42.313000
PER,39.0,6.0,MEDIUM,2.0,0 days 00:01:16.704000,0 days 00:54:59.017000
PER,40.0,6.0,MEDIUM,2.0,0 days 00:01:16.769000,0 days 00:56:15.786000
PER,41.0,6.0,MEDIUM,2.0,0 days 00:01:16.410000,0 days 00:57:32.196000
PER,42.0,6.0,MEDIUM,2.0,0 days 00:01:16.149000,0 days 00:58:48.345000
PER,43.0,6.0,MEDIUM,2.0,0 days 00:01:16.601000,0 days 01:00:04.946000
PER,44.0,6.0,MEDIUM,2.0,0 days 00:01:16.170000,0 days 01:01:21.116000
PER,45.0,6.0,MEDIUM,2.0,0 days 00:01:16.445000,0 days 01:02:37.561000
PER,46.0,6.0,MEDIUM,2.0,0 days 00:01:16.232000,0 days 01:03:53.793000
PER,47.0,6.0,MEDIUM,2.0,0 days 00:01:16.288000,0 days 01:05:10.081000
PER,48.0,6.0,MEDIUM,2.0,0 days 00:01:16.380000,0 days 01:06:26.461000
PER,49.0,6.0,MEDIUM,2.0,0 days 00:01:16.084000,0 days 01:07:42.545000
PER,50.0,6.0,MEDIUM,2.0,0 days 00:01:16.684000,0 days 01:08:59.229000
PER,51.0,6.0,MEDIUM,2.0,0 days 00:01:16.751000,0 days 01:10:15.980000
PER,52.0,6.0,MEDIUM,2.0,0 days 00:01:16.395000,0 days 01:11:32.375000
PER,53.0,6.0,MEDIUM,2.0,0 days 00:01:16.774000,0 days 01:12:49.149000
PER,54.0,6.0,MEDIUM,2.0,0 days 00:01:16.647000,0 days 01:14:05.796000
PER,55.0,6.0,MEDIUM,2.0,0 days 00:01:16.962000,0 days 01:15:22.758000
PER,56.0,6.0,MEDIUM,2.0,0 days 00:01:17.069000,0 days 01:16:39.827000
PER,57.0,6.0,MEDIUM,2.0,0 days 00:01:16.813000,0 days 01:17:56.640000
PER,58.0,6.0,MEDIUM,2.0,0 days 00:01:16.464000,0 days 01:19:13.104000
PER,59.0,6.0,MEDIUM,2.0,0 days 00:01:16.468000,0 days 01:20:29.572000
PER,60.0,6.0,MEDIUM,2.0,0 days 00:01:16.319000,0 days 01:21:45.891000
PER,61.0,6.0,MEDIUM,2.0,0 days 00:01:16.352000,0 days 01:23:02.243000
PER,62.0,6.0,MEDIUM,2.0,0 days 00:01:16.308000,0 days 01:24:18.551000
PER,63.0,6.0,MEDIUM,2.0,0 days 00:01:16.395000,0 days 01:25:34.946000
PER,64.0,6.0,MEDIUM,2.0,0 days 00:01:16.338000,0 days 01:26:51.284000
PER,65.0,6.0,MEDIUM,2.0,0 days 00:01:16.570000,0 days 01:28:07.854000
PER,66.0,6.0,MEDIUM,2.0,0 days 00:01:16.771000,0 days 01:29:24.625000
PER,67.0,6.0,MEDIUM,2.0,0 days 00:01:16.513000,0 days 01:30:41.138000
PER,68.0,6.0,MEDIUM,2.0,0 days 00:01:32.565000,0 days 01:32:13.703000
PER,69.0,6.0,SOFT,3.0,0 days 00:01:21.192000,0 days 01:33:34.895000
PER,70.0,6,SOFT,3.0,0 days 00:01:14.481000,0 days 01:34:49.376000
ALB,1.0,10.0,MEDIUM,1.0,0 days 00:01:29.175000,0 days 00:01:29.175000
ALB,2.0,10.0,MEDIUM,1.0,0 days 00:01:19.630000,0 days 00:02:48.805000
ALB,3.0,10.0,MEDIUM,1.0,0 days 00:01:18.618000,0 days 00:04:07.423000
ALB,4.0,10.0,MEDIUM,1.0,0 days 00:01:18.780000,0 days 00:05:26.203000
ALB,5.0,10.0,MEDIUM,1.0,0 days 00:01:18.422000,0 days 00:06:44.625000
ALB,6.0,10.0,MEDIUM,1.0,0 days 00:01:18.745000,0 days 00:08:03.370000
ALB,7.0,10.0,MEDIUM,1.0,0 days 00:01:19.316000,0 days 00:09:22.686000
ALB,8.0,10.0,MEDIUM,1.0,0 days 00:01:33.687000,0 days 00:10:56.373000
ALB,9.0,10.0,MEDIUM,1.0,0 days 00:01:18.467000,0 days 00:12:14.840000
ALB,10.0,10.0,MEDIUM,1.0,0 days 00:01:19.319000,0 days 00:13:34.159000
ALB,11.0,9.0,MEDIUM,1.0,0 days 00:01:18.717000,0 days 00:14:52.876000
ALB,12.0,12.0,MEDIUM,1.0,0 days 00:01:50.487000,0 days 00:16:43.363000
ALB,13.0,12.0,HARD,2.0,0 days 00:02:05.716000,0 days 00:18:49.079000
ALB,14.0,12.0,HARD,2.0,0 days 00:02:07.268000,0 days 00:20:56.347000
ALB,15.0,12.0,HARD,2.0,0 days 00:01:54.151000,0 days 00:22:50.498000
ALB,16.0,12.0,HARD,2.0,0 days 00:02:04.986000,0 days 00:24:55.484000
ALB,17.0,12.0,HARD,2.0,0 days 00:01:20.042000,0 days 00:26:15.526000
ALB,18.0,12.0,HARD,2.0,0 days 00:01:19.275000,0 days 00:27:34.801000
ALB,19.0,11.0,HARD,2.0,0 days 00:01:17.882000,0 days 00:28:52.683000
ALB,20.0,11.0,HARD,2.0,0 days 00:01:18.055000,0 days 00:30:10.738000
ALB,21.0,11.0,HARD,2.0,0 days 00:01:19.160000,0 days 00:31:29.898000
ALB,22.0,12.0,HARD,2.0,0 days 00:01:18.868000,0 days 00:32:48.766000
ALB,23.0,12.0,HARD,2.0,0 days 00:01:18.718000,0 days 00:34:07.484000
ALB,24.0,12.0,HARD,2.0,0 days 00:01:18.162000,0 days 00:35:25.646000
ALB,25.0,12.0,HARD,2.0,0 days 00:01:18.775000,0 days 00:36:44.421000
ALB,26.0,12.0,HARD,2.0,0 days 00:01:18.351000,0 days 00:38:02.772000
ALB,27.0,12.0,HARD,2.0,0 days 00:01:18.603000,0 days 00:39:21.375000
ALB,28.0,11.0,HARD,2.0,0 days 00:01:18.563000,0 days 00:40:39.938000
ALB,29.0,11.0,HARD,2.0,0 days 00:01:18.168000,0 days 00:41:58.106000
ALB,30.0,11.0,HARD,2.0,0 days 00:01:18.210000,0 days 00:43:16.316000
ALB,31.0,11.0,HARD,2.0,0 days 00:01:18.120000,0 days 00:44:34.436000
ALB,32.0,11.0,HARD,2.0,0 days 00:01:18.008000,0 days 00:45:52.444000
ALB,33.0,11.0,HARD,2.0,0 days 00:01:18.019000,0 days 00:47:10.463000
ALB,34.0,11.0,HARD,2.0,0 days 00:01:18.271000,0 days 00:48:28.734000
ALB,35.0,10.0,HARD,2.0,0 days 00:01:18.426000,0 days 00:49:47.160000
ALB,36.0,8.0,HARD,2.0,0 days 00:01:18.005000,0 days 00:51:05.165000
ALB,37.0,7.0,HARD,2.0,0 days 00:01:18.128000,0 days 00:52:23.293000
ALB,38.0,6.0,HARD,2.0,0 days 00:01:17.782000,0 days 00:53:41.075000
ALB,39.0,7.0,HARD,2.0,0 days 00:01:18.441000,0 days 00:54:59.516000
ALB,40.0,7.0,HARD,2.0,0 days 00:01:18.091000,0 days 00:56:17.607000
ALB,41.0,7.0,HARD,2.0,0 days 00:01:18.003000,0 days 00:57:35.610000
ALB,42.0,7.0,HARD,2.0,0 days 00:01:17.724000,0 days 00:58:53.334000
ALB,43.0,7.0,HARD,2.0,0 days 00:01:17.673000,0 days 01:00:11.007000
ALB,44.0,7.0,HARD,2.0,0 days 00:01:17.554000,0 days 01:01:28.561000
ALB,45.0,7.0,HARD,2.0,0 days 00:01:17.655000,0 days 01:02:46.216000
ALB,46.0,7.0,HARD,2.0,0 days 00:01:17.657000,0 days 01:04:03.873000
ALB,47.0,7.0,HARD,2.0,0 days 00:01:17.452000,0 days 01:05:21.325000
ALB,48.0,7.0,HARD,2.0,0 days 00:01:17.760000,0 days 01:06:39.085000
ALB,49.0,7.0,HARD,2.0,0 days 00:01:17.687000,0 days 01:07:56.772000
ALB,50.0,7.0,HARD,2.0,0 days 00:01:17.606000,0 days 01:09:14.378000
ALB,51.0,7.0,HARD,2.0,0 days 00:01:17.611000,0 days 01:10:31.989000
ALB,52.0,7.0,HARD,2.0,0 days 00:01:17.421000,0 days 01:11:49.410000
ALB,53.0,7.0,HARD,2.0,0 days 00:01:17.522000,0 days 01:13:06.932000
ALB,54.0,7.0,HARD,2.0,0 days 00:01:17.445000,0 days 01:14:24.377000
ALB,55.0,7.0,HARD,2.0,0 days 00:01:17.418000,0 days 01:15:41.795000
ALB,56.0,7.0,HARD,2.0,0 days 00:01:17.314000,0 days 01:16:59.109000
ALB,57.0,7.0,HARD,2.0,0 days 00:01:17.148000,0 days 01:18:16.257000
ALB,58.0,7.0,HARD,2.0,0 days 00:01:17.384000,0 days 01:19:33.641000
ALB,59.0,7.0,HARD,2.0,0 days 00:01:17.084000,0 days 01:20:50.725000
ALB,60.0,7.0,HARD,2.0,0 days 00:01:17.152000,0 days 01:22:07.877000
ALB,61.0,7.0,HARD,2.0,0 days 00:01:17.208000,0 days 01:23:25.085000
ALB,62.0,7.0,HARD,2.0,0 days 00:01:17.014000,0 days 01:24:42.099000
ALB,63.0,7.0,HARD,2.0,0 days 00:01:16.952000,0 days 01:25:59.051000
ALB,64.0,7.0,HARD,2.0,0 days 00:01:17.129000,0 days 01:27:16.180000
ALB,65.0,7.0,HARD,2.0,0 days 00:01:17.180000,0 days 01:28:33.360000
ALB,66.0,7.0,HARD,2.0,0 days 00:01:17.341000,0 days 01:29:50.701000
ALB,67.0,7.0,HARD,2.0,0 days 00:01:17.213000,0 days 01:31:07.914000
ALB,68.0,7.0,HARD,2.0,0 days 00:01:16.917000,0 days 01:32:24.831000
ALB,69.0,7.0,HARD,2.0,0 days 00:01:17.072000,0 days 01:33:41.903000
ALB,70.0,7,HARD,2.0,0 days 00:01:17.258000,0 days 01:34:59.161000
OCO,1.0,5.0,MEDIUM,1.0,0 days 00:01:26.367000,0 days 00:01:26.367000
OCO,2.0,5.0,MEDIUM,1.0,0 days 00:01:19.331000,0 days 00:02:45.698000
OCO,3.0,5.0,MEDIUM,1.0,0 days 00:01:18.462000,0 days 00:04:04.160000
OCO,4.0,5.0,MEDIUM,1.0,0 days 00:01:18.494000,0 days 00:05:22.654000
OCO,5.0,5.0,MEDIUM,1.0,0 days 00:01:18.419000,0 days 00:06:41.073000
OCO,6.0,5.0,MEDIUM,1.0,0 days 00:01:18.462000,0 days 00:07:59.535000
OCO,7.0,5.0,MEDIUM,1.0,0 days 00:01:18.441000,0 days 00:09:17.976000
OCO,8.0,5.0,MEDIUM,1.0,0 days 00:01:32.641000,0 days 00:10:50.617000
OCO,9.0,5.0,MEDIUM,1.0,0 days 00:01:18,0 days 00:12:08.617000
OCO,10.0,5.0,MEDIUM,1.0,0 days 00:01:18.400000,0 days 00:13:27.017000
OCO,11.0,5.0,MEDIUM,1.0,0 days 00:01:18.335000,0 days 00:14:45.352000
OCO,12.0,8.0,MEDIUM,1.0,0 days 00:01:44.968000,0 days 00:16:30.320000
OCO,13.0,9.0,HARD,2.0,0 days 00:02:15.376000,0 days 00:18:45.696000
OCO,14.0,9.0,HARD,2.0,0 days 00:02:05.785000,0 days 00:20:51.481000
OCO,15.0,9.0,HARD,2.0,0 days 00:01:54.063000,0 days 00:22:45.544000
OCO,16.0,9.0,HARD,2.0,0 days 00:02:08.502000,0 days 00:24:54.046000
OCO,17.0,9.0,HARD,2.0,0 days 00:01:20.127000,0 days 00:26:14.173000
OCO,18.0,9.0,HARD,2.0,0 days 00:01:18.855000,0 days 00:27:33.028000
OCO,19.0,8.0,HARD,2.0,0 days 00:01:17.984000,0 days 00:28:51.012000
OCO,20.0,7.0,HARD,2.0,0 days 00:01:18.038000,0 days 00:30:09.050000
OCO,21.0,7.0,HARD,2.0,0 days 00:01:17.951000,0 days 00:31:27.001000
OCO,22.0,7.0,HARD,2.0,0 days 00:01:17.803000,0 days 00:32:44.804000
OCO,23.0,7.0,HARD,2.0,0 days 00:01:17.847000,0 days 00:34:02.651000
OCO,24.0,7.0,HARD,2.0,0 days 00:01:17.982000,0 days 00:35:20.633000
OCO,25.0,7.0,HARD,2.0,0 days 00:01:17.747000,0 days 00:36:38.380000
OCO,26.0,7.0,HARD,2.0,0 days 00:01:17.904000,0 days 00:37:56.284000
OCO,27.0,7.0,HARD,2.0,0 days 00:01:17.971000,0 days 00:39:14.255000
OCO,28.0,7.0,HARD,2.0,0 days 00:01:17.884000,0 days 00:40:32.139000
OCO,29.0,7.0,HARD,2.0,0 days 00:01:17.937000,0 days 00:41:50.076000
OCO,30.0,7.0,HARD,2.0,0 days 00:01:18.025000,0 days 00:43:08.101000
OCO,31.0,7.0,HARD,2.0,0 days 00:01:17.861000,0 days 00:44:25.962000
OCO,32.0,7.0,HARD,2.0,0 days 00:01:18.069000,0 days 00:45:44.031000
OCO,33.0,7.0,HARD,2.0,0 days 00:01:18.029000,0 days 00:47:02.060000
OCO,34.0,7.0,HARD,2.0,0 days 00:01:18.097000,0 days 00:48:20.157000
OCO,35.0,7.0,HARD,2.0,0 days 00:01:18.236000,0 days 00:49:38.393000
OCO,36.0,10.0,HARD,2.0,0 days 00:01:34.988000,0 days 00:51:13.381000
OCO,37.0,9.0,HARD,3.0,0 days 00:01:20.851000,0 days 00:52:34.232000
OCO,38.0,9.0,HARD,3.0,0 days 00:01:17.334000,0 days 00:53:51.566000
OCO,39.0,9.0,HARD,3.0,0 days 00:01:17.173000,0 days 00:55:08.739000
OCO,40.0,9.0,HARD,3.0,0 days 00:01:17.071000,0 days 00:56:25.810000
OCO,41.0,9.0,HARD,3.0,0 days 00:01:17.074000,0 days 00:57:42.884000
OCO,42.0,9.0,HARD,3.0,0 days 00:01:17.059000,0 days 00:58:59.943000
OCO,43.0,9.0,HARD,3.0,0 days 00:01:17.130000,0 days 01:00:17.073000
OCO,44.0,9.0,HARD,3.0,0 days 00:01:17.067000,0 days 01:01:34.140000
OCO,45.0,9.0,HARD,3.0,0 days 00:01:16.869000,0 days 01:02:51.009000
OCO,46.0,9.0,HARD,3.0,0 days 00:01:16.855000,0 days 01:04:07.864000
OCO,47.0,9.0,HARD,3.0,0 days 00:01:16.972000,0 days 01:05:24.836000
OCO,48.0,9.0,HARD,3.0,0 days 00:01:17.109000,0 days 01:06:41.945000
OCO,49.0,9.0,HARD,3.0,0 days 00:01:17.392000,0 days 01:07:59.337000
OCO,50.0,9.0,HARD,3.0,0 days 00:01:17.427000,0 days 01:09:16.764000
OCO,51.0,9.0,HARD,3.0,0 days 00:01:17.339000,0 days 01:10:34.103000
OCO,52.0,9.0,HARD,3.0,0 days 00:01:17.124000,0 days 01:11:51.227000
OCO,53.0,9.0,HARD,3.0,0 days 00:01:17.160000,0 days 01:13:08.387000
OCO,54.0,9.0,HARD,3.0,0 days 00:01:17.068000,0 days 01:14:25.455000
OCO,55.0,8.0,HARD,3.0,0 days 00:01:17.056000,0 days 01:15:42.511000
OCO,56.0,8.0,HARD,3.0,0 days 00:01:17.229000,0 days 01:16:59.740000
OCO,57.0,8.0,HARD,3.0,0 days 00:01:17.057000,0 days 01:18:16.797000
OCO,58.0,8.0,HARD,3.0,0 days 00:01:17.266000,0 days 01:19:34.063000
OCO,59.0,8.0,HARD,3.0,0 days 00:01:17.127000,0 days 01:20:51.190000
OCO,60.0,8.0,HARD,3.0,0 days 00:01:17.272000,0 days 01:22:08.462000
OCO,61.0,8.0,HARD,3.0,0 days 00:01:17.235000,0 days 01:23:25.697000
OCO,62.0,8.0,HARD,3.0,0 days 00:01:17.037000,0 days 01:24:42.734000
OCO,63.0,8.0,HARD,3.0,0 days 00:01:16.782000,0 days 01:25:59.516000
OCO,64.0,8.0,HARD,3.0,0 days 00:01:17.271000,0 days 01:27:16.787000
OCO,65.0,8.0,HARD,3.0,0 days 00:01:17.091000,0 days 01:28:33.878000
OCO,66.0,8.0,HARD,3.0,0 days 00:01:17.310000,0 days 01:29:51.188000
OCO,67.0,8.0,HARD,3.0,0 days 00:01:17.280000,0 days 01:31:08.468000
OCO,68.0,8.0,HARD,3.0,0 days 00:01:16.819000,0 days 01:32:25.287000
OCO,69.0,8.0,HARD,3.0,0 days 00:01:17.073000,0 days 01:33:42.360000
OCO,70.0,8,HARD,3.0,0 days 00:01:17.680000,0 days 01:35:00.040000
STR,1.0,14.0,MEDIUM,1.0,0 days 00:01:31.721000,0 days 00:01:31.721000
STR,2.0,14.0,MEDIUM,1.0,0 days 00:01:19.609000,0 days 00:02:51.330000
STR,3.0,14.0,MEDIUM,1.0,0 days 00:01:18.385000,0 days 00:04:09.715000
STR,4.0,14.0,MEDIUM,1.0,0 days 00:01:18.693000,0 days 00:05:28.408000
STR,5.0,14.0,MEDIUM,1.0,0 days 00:01:18.829000,0 days 00:06:47.237000
STR,6.0,14.0,MEDIUM,1.0,0 days 00:01:18.383000,0 days 00:08:05.620000
STR,7.0,14.0,MEDIUM,1.0,0 days 00:01:18.993000,0 days 00:09:24.613000
STR,8.0,14.0,MEDIUM,1.0,0 days 00:01:33.751000,0 days 00:10:58.364000
STR,9.0,14.0,MEDIUM,1.0,0 days 00:01:18.766000,0 days 00:12:17.130000
STR,10.0,13.0,MEDIUM,1.0,0 days 00:01:19.107000,0 days 00:13:36.237000
STR,11.0,16.0,MEDIUM,1.0,0 days 00:01:34.477000,0 days 00:15:10.714000
STR,12.0,16.0,HARD,2.0,0 days 00:01:42.344000,0 days 00:16:53.058000
STR,13.0,16.0,HARD,2.0,0 days 00:02:02.638000,0 days 00:18:55.696000
STR,14.0,16.0,HARD,2.0,0 days 00:02:06.626000,0 days 00:21:02.322000
STR,15.0,16.0,HARD,2.0,0 days 00:01:56.919000,0 days 00:22:59.241000
STR,16.0,15.0,HARD,2.0,0 days 00:01:58.523000,0 days 00:24:57.764000
STR,17.0,15.0,HARD,2.0,0 days 00:01:19.965000,0 days 00:26:17.729000
STR,18.0,15.0,HARD,2.0,0 days 00:01:19.358000,0 days 00:27:37.087000
STR,19.0,15.0,HARD,2.0,0 days 00:01:18.286000,0 days 00:28:55.373000
STR,20.0,15.0,HARD,2.0,0 days 00:01:18.443000,0 days 00:30:13.816000
STR,21.0,15.0,HARD,2.0,0 days 00:01:18.725000,0 days 00:31:32.541000
STR,22.0,15.0,HARD,2.0,0 days 00:01:18.473000,0 days 00:32:51.014000
STR,23.0,15.0,HARD,2.0,0 days 00:01:18.564000,0 days 00:34:09.578000
STR,24.0,15.0,HARD,2.0,0 days 00:01:18.478000,0 days 00:35:28.056000
STR,25.0,15.0,HARD,2.0,0 days 00:01:18.365000,0 days 00:36:46.421000
STR,26.0,15.0,HARD,2.0,0 days 00:01:18.736000,0 days 00:38:05.157000
STR,27.0,19.0,HARD,2.0,0 days 00:01:34.832000,0 days 00:39:39.989000
STR,28.0,19.0,HARD,3.0,0 days 00:01:21.189000,0 days 00:41:01.178000
STR,29.0,19.0,HARD,3.0,0 days 00:01:17.356000,0 days 00:42:18.534000
STR,30.0,19.0,HARD,3.0,0 days 00:01:17.222000,0 days 00:43:35.756000
STR,31.0,18.0,HARD,3.0,0 days 00:01:17.375000,0 days 00:44:53.131000
STR,32.0,17.0,HARD,3.0,0 days 00:01:17.291000,0 days 00:46:10.422000
STR,33.0,16.0,HARD,3.0,0 days 00:01:17.145000,0 days 00:47:27.567000
STR,34.0,15.0,HARD,3.0,0 days 00:01:17.073000,0 days 00:48:44.640000
STR,35.0,13.0,HARD,3.0,0 days 00:01:18.172000,0 days 00:50:02.812000
STR,36.0,13.0,HARD,3.0,0 days 00:01:17.476000,0 days 00:51:20.288000
STR,37.0,12.0,HARD,3.0,0 days 00:01:17.695000,0 days 00:52:37.983000
STR,38.0,12.0,HARD,3.0,0 days 00:01:17.324000,0 days 00:53:55.307000
STR,39.0,12.0,HARD,3.0,0 days 00:01:17.369000,0 days 00:55:12.676000
STR,40.0,12.0,HARD,3.0,0 days 00:01:17.245000,0 days 00:56:29.921000
STR,41.0,12.0,HARD,3.0,0 days 00:01:17.107000,0 days 00:57:47.028000
STR,42.0,12.0,HARD,3.0,0 days 00:01:17.235000,0 days 00:59:04.263000
STR,43.0,12.0,HARD,3.0,0 days 00:01:17.209000,0 days 01:00:21.472000
STR,44.0,12.0,HARD,3.0,0 days 00:01:17.012000,0 days 01:01:38.484000
STR,45.0,12.0,HARD,3.0,0 days 00:01:17.169000,0 days 01:02:55.653000
STR,46.0,12.0,HARD,3.0,0 days 00:01:17.436000,0 days 01:04:13.089000
STR,47.0,12.0,HARD,3.0,0 days 00:01:17.302000,0 days 01:05:30.391000
STR,48.0,12.0,HARD,3.0,0 days 00:01:17.003000,0 days 01:06:47.394000
STR,49.0,12.0,HARD,3.0,0 days 00:01:16.928000,0 days 01:08:04.322000
STR,50.0,12.0,HARD,3.0,0 days 00:01:16.957000,0 days 01:09:21.279000
STR,51.0,12.0,HARD,3.0,0 days 00:01:16.852000,0 days 01:10:38.131000
STR,52.0,12.0,HARD,3.0,0 days 00:01:16.774000,0 days 01:11:54.905000
STR,53.0,12.0,HARD,3.0,0 days 00:01:16.853000,0 days 01:13:11.758000
STR,54.0,12.0,HARD,3.0,0 days 00:01:16.865000,0 days 01:14:28.623000
STR,55.0,11.0,HARD,3.0,0 days 00:01:16.979000,0 days 01:15:45.602000
STR,56.0,11.0,HARD,3.0,0 days 00:01:16.802000,0 days 01:17:02.404000
STR,57.0,11.0,HARD,3.0,0 days 00:01:16.771000,0 days 01:18:19.175000
STR,58.0,11.0,HARD,3.0,0 days 00:01:16.564000,0 days 01:19:35.739000
STR,59.0,11.0,HARD,3.0,0 days 00:01:16.902000,0 days 01:20:52.641000
STR,60.0,11.0,HARD,3.0,0 days 00:01:17.117000,0 days 01:22:09.758000
STR,61.0,11.0,HARD,3.0,0 days 00:01:17.287000,0 days 01:23:27.045000
STR,62.0,11.0,HARD,3.0,0 days 00:01:17.152000,0 days 01:24:44.197000
STR,63.0,11.0,HARD,3.0,0 days 00:01:17.324000,0 days 01:26:01.521000
STR,64.0,11.0,HARD,3.0,0 days 00:01:17.858000,0 days 01:27:19.379000
STR,65.0,11.0,HARD,3.0,0 days 00:01:17.575000,0 days 01:28:36.954000
STR,66.0,11.0,HARD,3.0,0 days 00:01:17.110000,0 days 01:29:54.064000
STR,67.0,11.0,HARD,3.0,0 days 00:01:17.444000,0 days 01:31:11.508000
STR,68.0,11.0,HARD,3.0,0 days 00:01:17.043000,0 days 01:32:28.551000
STR,69.0,11.0,HARD,3.0,0 days 00:01:16.985000,0 days 01:33:45.536000
STR,70.0,9,HARD,3.0,0 days 00:01:17.214000,0 days 01:35:02.750000
BOT,1.0,16.0,HARD,1.0,0 days 00:01:32.120000,0 days 00:01:32.120000
BOT,2.0,16.0,HARD,1.0,0 days 00:01:20.588000,0 days 00:02:52.708000
BOT,3.0,16.0,HARD,1.0,0 days 00:01:18.791000,0 days 00:04:11.499000
BOT,4.0,16.0,HARD,1.0,0 days 00:01:18.629000,0 days 00:05:30.128000
BOT,5.0,16.0,HARD,1.0,0 days 00:01:19.448000,0 days 00:06:49.576000
BOT,6.0,16.0,HARD,1.0,0 days 00:01:18.775000,0 days 00:08:08.351000
BOT,7.0,16.0,HARD,1.0,0 days 00:01:20.352000,0 days 00:09:28.703000
BOT,8.0,16.0,HARD,1.0,0 days 00:01:30.942000,0 days 00:10:59.645000
BOT,9.0,16.0,HARD,1.0,0 days 00:01:18.676000,0 days 00:12:18.321000
BOT,10.0,15.0,HARD,1.0,0 days 00:01:19.076000,0 days 00:13:37.397000
BOT,11.0,13.0,HARD,1.0,0 days 00:01:18.722000,0 days 00:14:56.119000
BOT,12.0,9.0,HARD,1.0,0 days 00:01:35.179000,0 days 00:16:31.298000
BOT,13.0,8.0,HARD,1.0,0 days 00:02:13.525000,0 days 00:18:44.823000
BOT,14.0,8.0,HARD,1.0,0 days 00:02:05.785000,0 days 00:20:50.608000
BOT,15.0,8.0,HARD,1.0,0 days 00:01:53.889000,0 days 00:22:44.497000
BOT,16.0,8.0,HARD,1.0,0 days 00:02:09.016000,0 days 00:24:53.513000
BOT,17.0,8.0,HARD,1.0,0 days 00:01:20.209000,0 days 00:26:13.722000
BOT,18.0,8.0,HARD,1.0,0 days 00:01:18.647000,0 days 00:27:32.369000
BOT,19.0,9.0,HARD,1.0,0 days 00:01:19.098000,0 days 00:28:51.467000
BOT,20.0,8.0,HARD,1.0,0 days 00:01:18.637000,0 days 00:30:10.104000
BOT,21.0,8.0,HARD,1.0,0 days 00:01:18.254000,0 days 00:31:28.358000
BOT,22.0,8.0,HARD,1.0,0 days 00:01:17.856000,0 days 00:32:46.214000
BOT,23.0,8.0,HARD,1.0,0 days 00:01:17.955000,0 days 00:34:04.169000
BOT,24.0,8.0,HARD,1.0,0 days 00:01:17.801000,0 days 00:35:21.970000
BOT,25.0,8.0,HARD,1.0,0 days 00:01:17.974000,0 days 00:36:39.944000
BOT,26.0,8.0,HARD,1.0,0 days 00:01:18.074000,0 days 00:37:58.018000
BOT,27.0,8.0,HARD,1.0,0 days 00:01:18.115000,0 days 00:39:16.133000
BOT,28.0,8.0,HARD,1.0,0 days 00:01:18.066000,0 days 00:40:34.199000
BOT,29.0,8.0,HARD,1.0,0 days 00:01:17.951000,0 days 00:41:52.150000
BOT,30.0,8.0,HARD,1.0,0 days 00:01:18.248000,0 days 00:43:10.398000
BOT,31.0,8.0,HARD,1.0,0 days 00:01:17.864000,0 days 00:44:28.262000
BOT,32.0,8.0,HARD,1.0,0 days 00:01:18.405000,0 days 00:45:46.667000
BOT,33.0,8.0,HARD,1.0,0 days 00:01:18.009000,0 days 00:47:04.676000
BOT,34.0,8.0,HARD,1.0,0 days 00:01:18.247000,0 days 00:48:22.923000
BOT,35.0,8.0,HARD,1.0,0 days 00:01:18.167000,0 days 00:49:41.090000
BOT,36.0,11.0,HARD,1.0,0 days 00:01:34.981000,0 days 00:51:16.071000
BOT,37.0,10.0,MEDIUM,2.0,0 days 00:01:19.412000,0 days 00:52:35.483000
BOT,38.0,10.0,MEDIUM,2.0,0 days 00:01:17.246000,0 days 00:53:52.729000
BOT,39.0,10.0,MEDIUM,2.0,0 days 00:01:17.146000,0 days 00:55:09.875000
BOT,40.0,10.0,MEDIUM,2.0,0 days 00:01:16.993000,0 days 00:56:26.868000
BOT,41.0,10.0,MEDIUM,2.0,0 days 00:01:17.131000,0 days 00:57:43.999000
BOT,42.0,10.0,MEDIUM,2.0,0 days 00:01:17.289000,0 days 00:59:01.288000
BOT,43.0,10.0,MEDIUM,2.0,0 days 00:01:17.022000,0 days 01:00:18.310000
BOT,44.0,10.0,MEDIUM,2.0,0 days 00:01:16.993000,0 days 01:01:35.303000
BOT,45.0,10.0,MEDIUM,2.0,0 days 00:01:16.931000,0 days 01:02:52.234000
BOT,46.0,10.0,MEDIUM,2.0,0 days 00:01:16.818000,0 days 01:04:09.052000
BOT,47.0,10.0,MEDIUM,2.0,0 days 00:01:17.045000,0 days 01:05:26.097000
BOT,48.0,10.0,MEDIUM,2.0,0 days 00:01:17.235000,0 days 01:06:43.332000
BOT,49.0,10.0,MEDIUM,2.0,0 days 00:01:17.272000,0 days 01:08:00.604000
BOT,50.0,10.0,MEDIUM,2.0,0 days 00:01:17.201000,0 days 01:09:17.805000
BOT,51.0,10.0,MEDIUM,2.0,0 days 00:01:17.201000,0 days 01:10:35.006000
BOT,52.0,10.0,MEDIUM,2.0,0 days 00:01:16.625000,0 days 01:11:51.631000
BOT,53.0,10.0,MEDIUM,2.0,0 days 00:01:17.114000,0 days 01:13:08.745000
BOT,54.0,10.0,MEDIUM,2.0,0 days 00:01:17.298000,0 days 01:14:26.043000
BOT,55.0,9.0,MEDIUM,2.0,0 days 00:01:17.004000,0 days 01:15:43.047000
BOT,56.0,9.0,MEDIUM,2.0,0 days 00:01:17.129000,0 days 01:17:00.176000
BOT,57.0,9.0,MEDIUM,2.0,0 days 00:01:17.047000,0 days 01:18:17.223000
BOT,58.0,9.0,MEDIUM,2.0,0 days 00:01:17.323000,0 days 01:19:34.546000
BOT,59.0,9.0,MEDIUM,2.0,0 days 00:01:17.052000,0 days 01:20:51.598000
BOT,60.0,9.0,MEDIUM,2.0,0 days 00:01:17.238000,0 days 01:22:08.836000
BOT,61.0,9.0,MEDIUM,2.0,0 days 00:01:17.377000,0 days 01:23:26.213000
BOT,62.0,9.0,MEDIUM,2.0,0 days 00:01:17.146000,0 days 01:24:43.359000
BOT,63.0,10.0,MEDIUM,2.0,0 days 00:01:18.018000,0 days 01:26:01.377000
BOT,64.0,10.0,MEDIUM,2.0,0 days 00:01:17.359000,0 days 01:27:18.736000
BOT,65.0,10.0,MEDIUM,2.0,0 days 00:01:17.495000,0 days 01:28:36.231000
BOT,66.0,10.0,MEDIUM,2.0,0 days 00:01:17.296000,0 days 01:29:53.527000
BOT,67.0,10.0,MEDIUM,2.0,0 days 00:01:17.363000,0 days 01:31:10.890000
BOT,68.0,10.0,MEDIUM,2.0,0 days 00:01:17.137000,0 days 01:32:28.027000
BOT,69.0,10.0,MEDIUM,2.0,0 days 00:01:17.054000,0 days 01:33:45.081000
BOT,70.0,10,MEDIUM,2.0,0 days 00:01:17.699000,0 days 01:35:02.780000
PIA,1.0,7.0,MEDIUM,1.0,0 days 00:01:27.463000,0 days 00:01:27.463000
PIA,2.0,7.0,MEDIUM,1.0,0 days 00:01:19.753000,0 days 00:02:47.216000
PIA,3.0,7.0,MEDIUM,1.0,0 days 00:01:18.489000,0 days 00:04:05.705000
PIA,4.0,7.0,MEDIUM,1.0,0 days 00:01:18.940000,0 days 00:05:24.645000
PIA,5.0,7.0,MEDIUM,1.0,0 days 00:01:18.182000,0 days 00:06:42.827000
PIA,6.0,7.0,MEDIUM,1.0,0 days 00:01:18.615000,0 days 00:08:01.442000
PIA,7.0,6.0,MEDIUM,1.0,0 days 00:01:19.158000,0 days 00:09:20.600000
PIA,8.0,6.0,MEDIUM,1.0,0 days 00:01:32.925000,0 days 00:10:53.525000
PIA,9.0,6.0,MEDIUM,1.0,0 days 00:01:18.486000,0 days 00:12:12.011000
PIA,10.0,6.0,MEDIUM,1.0,0 days 00:01:18.511000,0 days 00:13:30.522000
PIA,11.0,6.0,MEDIUM,1.0,0 days 00:01:18.429000,0 days 00:14:48.951000
PIA,12.0,10.0,MEDIUM,1.0,0 days 00:01:45.429000,0 days 00:16:34.380000
PIA,13.0,10.0,HARD,2.0,0 days 00:02:11.956000,0 days 00:18:46.336000
PIA,14.0,10.0,HARD,2.0,0 days 00:02:06.175000,0 days 00:20:52.511000
PIA,15.0,10.0,HARD,2.0,0 days 00:01:54.272000,0 days 00:22:46.783000
PIA,16.0,10.0,HARD,2.0,0 days 00:02:07.645000,0 days 00:24:54.428000
PIA,17.0,11.0,HARD,2.0,0 days 00:01:20.768000,0 days 00:26:15.196000
PIA,18.0,11.0,HARD,2.0,0 days 00:01:19.240000,0 days 00:27:34.436000
PIA,19.0,12.0,HARD,2.0,0 days 00:01:18.501000,0 days 00:28:52.937000
PIA,20.0,12.0,HARD,2.0,0 days 00:01:18.533000,0 days 00:30:11.470000
PIA,21.0,12.0,HARD,2.0,0 days 00:01:18.974000,0 days 00:31:30.444000
PIA,22.0,11.0,HARD,2.0,0 days 00:01:18.056000,0 days 00:32:48.500000
PIA,23.0,11.0,HARD,2.0,0 days 00:01:18.557000,0 days 00:34:07.057000
PIA,24.0,10.0,HARD,2.0,0 days 00:01:18.114000,0 days 00:35:25.171000
PIA,25.0,10.0,HARD,2.0,0 days 00:01:18.308000,0 days 00:36:43.479000
PIA,26.0,10.0,HARD,2.0,0 days 00:01:18.235000,0 days 00:38:01.714000
PIA,27.0,10.0,HARD,2.0,0 days 00:01:18.041000,0 days 00:39:19.755000
PIA,28.0,10.0,HARD,2.0,0 days 00:01:18.060000,0 days 00:40:37.815000
PIA,29.0,10.0,HARD,2.0,0 days 00:01:18.216000,0 days 00:41:56.031000
PIA,30.0,10.0,HARD,2.0,0 days 00:01:18.192000,0 days 00:43:14.223000
PIA,31.0,10.0,HARD,2.0,0 days 00:01:18.209000,0 days 00:44:32.432000
PIA,32.0,10.0,HARD,2.0,0 days 00:01:18.169000,0 days 00:45:50.601000
PIA,33.0,10.0,HARD,2.0,0 days 00:01:18.386000,0 days 00:47:08.987000
PIA,34.0,10.0,HARD,2.0,0 days 00:01:18.370000,0 days 00:48:27.357000
PIA,35.0,9.0,HARD,2.0,0 days 00:01:18.493000,0 days 00:49:45.850000
PIA,36.0,7.0,HARD,2.0,0 days 00:01:18.609000,0 days 00:51:04.459000
PIA,37.0,13.0,HARD,2.0,0 days 00:01:34.059000,0 days 00:52:38.518000
PIA,38.0,13.0,HARD,3.0,0 days 00:01:20.869000,0 days 00:53:59.387000
PIA,39.0,13.0,HARD,3.0,0 days 00:01:17.308000,0 days 00:55:16.695000
PIA,40.0,13.0,HARD,3.0,0 days 00:01:17.192000,0 days 00:56:33.887000
PIA,41.0,13.0,HARD,3.0,0 days 00:01:17.350000,0 days 00:57:51.237000
PIA,42.0,13.0,HARD,3.0,0 days 00:01:17.355000,0 days 00:59:08.592000
PIA,43.0,13.0,HARD,3.0,0 days 00:01:17.202000,0 days 01:00:25.794000
PIA,44.0,13.0,HARD,3.0,0 days 00:01:17.106000,0 days 01:01:42.900000
PIA,45.0,13.0,HARD,3.0,0 days 00:01:16.874000,0 days 01:02:59.774000
PIA,46.0,13.0,HARD,3.0,0 days 00:01:16.812000,0 days 01:04:16.586000
PIA,47.0,13.0,HARD,3.0,0 days 00:01:17.022000,0 days 01:05:33.608000
PIA,48.0,13.0,HARD,3.0,0 days 00:01:17.081000,0 days 01:06:50.689000
PIA,49.0,13.0,HARD,3.0,0 days 00:01:17.164000,0 days 01:08:07.853000
PIA,50.0,13.0,HARD,3.0,0 days 00:01:17.357000,0 days 01:09:25.210000
PIA,51.0,13.0,HARD,3.0,0 days 00:01:17.173000,0 days 01:10:42.383000
PIA,52.0,13.0,HARD,3.0,0 days 00:01:16.906000,0 days 01:11:59.289000
PIA,53.0,13.0,HARD,3.0,0 days 00:01:16.712000,0 days 01:13:16.001000
PIA,54.0,13.0,HARD,3.0,0 days 00:01:16.870000,0 days 01:14:32.871000
PIA,55.0,12.0,HARD,3.0,0 days 00:01:16.950000,0 days 01:15:49.821000
PIA,56.0,12.0,HARD,3.0,0 days 00:01:16.826000,0 days 01:17:06.647000
PIA,57.0,12.0,HARD,3.0,0 days 00:01:16.895000,0 days 01:18:23.542000
PIA,58.0,12.0,HARD,3.0,0 days 00:01:16.680000,0 days 01:19:40.222000
PIA,59.0,12.0,HARD,3.0,0 days 00:01:16.598000,0 days 01:20:56.820000
PIA,60.0,12.0,HARD,3.0,0 days 00:01:16.716000,0 days 01:22:13.536000
PIA,61.0,12.0,HARD,3.0,0 days 00:01:16.781000,0 days 01:23:30.317000
PIA,62.0,12.0,HARD,3.0,0 days 00:01:16.805000,0 days 01:24:47.122000
PIA,63.0,12.0,HARD,3.0,0 days 00:01:17.242000,0 days 01:26:04.364000
PIA,64.0,12.0,HARD,3.0,0 days 00:01:16.935000,0 days 01:27:21.299000
PIA,65.0,12.0,HARD,3.0,0 days 00:01:16.853000,0 days 01:28:38.152000
PIA,66.0,12.0,HARD,3.0,0 days 00:01:16.711000,0 days 01:29:54.863000
PIA,67.0,12.0,HARD,3.0,0 days 00:01:17.200000,0 days 01:31:12.063000
PIA,68.0,12.0,HARD,3.0,0 days 00:01:17,0 days 01:32:29.063000
PIA,69.0,12.0,HARD,3.0,0 days 00:01:17.090000,0 days 01:33:46.153000
PIA,70.0,11,HARD,3.0,0 days 00:01:17.296000,0 days 01:35:03.449000
GAS,1.0,13.0,SOFT,1.0,0 days 00:01:31.271000,0 days 00:01:31.271000
GAS,2.0,13.0,SOFT,1.0,0 days 00:01:19.340000,0 days 00:02:50.611000
GAS,3.0,13.0,SOFT,1.0,0 days 00:01:18.700000,0 days 00:04:09.311000
GAS,4.0,13.0,SOFT,1.0,0 days 00:01:18.514000,0 days 00:05:27.825000
GAS,5.0,13.0,SOFT,1.0,0 days 00:01:18.963000,0 days 00:06:46.788000
GAS,6.0,13.0,SOFT,1.0,0 days 00:01:18.298000,0 days 00:08:05.086000
GAS,7.0,13.0,SOFT,1.0,0 days 00:01:19.107000,0 days 00:09:24.193000
GAS,8.0,13.0,SOFT,1.0,0 days 00:01:33.842000,0 days 00:10:58.035000
GAS,9.0,13.0,SOFT,1.0,0 days 00:01:18.674000,0 days 00:12:16.709000
GAS,10.0,19.0,SOFT,1.0,0 days 00:01:40.116000,0 days 00:13:56.825000
GAS,11.0,19.0,HARD,2.0,0 days 00:01:21.940000,0 days 00:15:18.765000
GAS,12.0,18.0,HARD,2.0,0 days 00:01:41.814000,0 days 00:17:00.579000
GAS,13.0,18.0,HARD,2.0,0 days 00:01:57.989000,0 days 00:18:58.568000
GAS,14.0,18.0,HARD,2.0,0 days 00:02:06.442000,0 days 00:21:05.010000
GAS,15.0,18.0,HARD,2.0,0 days 00:01:57.326000,0 days 00:23:02.336000
GAS,16.0,18.0,HARD,2.0,0 days 00:01:56.432000,0 days 00:24:58.768000
GAS,17.0,18.0,HARD,2.0,0 days 00:01:19.828000,0 days 00:26:18.596000
GAS,18.0,18.0,HARD,2.0,0 days 00:01:19.350000,0 days 00:27:37.946000
GAS,19.0,18.0,HARD,2.0,0 days 00:01:18.419000,0 days 00:28:56.365000
GAS,20.0,18.0,HARD,2.0,0 days 00:01:18.491000,0 days 00:30:14.856000
GAS,21.0,18.0,HARD,2.0,0 days 00:01:18.806000,0 days 00:31:33.662000
GAS,22.0,18.0,HARD,2.0,0 days 00:01:18.438000,0 days 00:32:52.100000
GAS,23.0,18.0,HARD,2.0,0 days 00:01:18.433000,0 days 00:34:10.533000
GAS,24.0,18.0,HARD,2.0,0 days 00:01:18.667000,0 days 00:35:29.200000
GAS,25.0,18.0,HARD,2.0,0 days 00:01:18.288000,0 days 00:36:47.488000
GAS,26.0,18.0,HARD,2.0,0 days 00:01:18.723000,0 days 00:38:06.211000
GAS,27.0,17.0,HARD,2.0,0 days 00:01:18.499000,0 days 00:39:24.710000
GAS,28.0,17.0,HARD,2.0,0 days 00:01:18.338000,0 days 00:40:43.048000
GAS,29.0,17.0,HARD,2.0,0 days 00:01:18.680000,0 days 00:42:01.728000
GAS,30.0,17.0,HARD,2.0,0 days 00:01:18.481000,0 days 00:43:20.209000
GAS,31.0,16.0,HARD,2.0,0 days 00:01:18.422000,0 days 00:44:38.631000
GAS,32.0,14.0,HARD,2.0,0 days 00:01:18.126000,0 days 00:45:56.757000
GAS,33.0,18.0,HARD,2.0,0 days 00:01:35.144000,0 days 00:47:31.901000
GAS,34.0,17.0,HARD,3.0,0 days 00:01:20.911000,0 days 00:48:52.812000
GAS,35.0,15.0,HARD,3.0,0 days 00:01:18.144000,0 days 00:50:10.956000
GAS,36.0,15.0,HARD,3.0,0 days 00:01:17.305000,0 days 00:51:28.261000
GAS,37.0,15.0,HARD,3.0,0 days 00:01:17.423000,0 days 00:52:45.684000
GAS,38.0,15.0,HARD,3.0,0 days 00:01:17.251000,0 days 00:54:02.935000
GAS,39.0,15.0,HARD,3.0,0 days 00:01:17.180000,0 days 00:55:20.115000
GAS,40.0,15.0,HARD,3.0,0 days 00:01:17.277000,0 days 00:56:37.392000
GAS,41.0,15.0,HARD,3.0,0 days 00:01:17.126000,0 days 00:57:54.518000
GAS,42.0,15.0,HARD,3.0,0 days 00:01:17.323000,0 days 00:59:11.841000
GAS,43.0,14.0,HARD,3.0,0 days 00:01:17.406000,0 days 01:00:29.247000
GAS,44.0,14.0,HARD,3.0,0 days 00:01:16.924000,0 days 01:01:46.171000
GAS,45.0,14.0,HARD,3.0,0 days 00:01:16.777000,0 days 01:03:02.948000
GAS,46.0,14.0,HARD,3.0,0 days 00:01:16.752000,0 days 01:04:19.700000
GAS,47.0,14.0,HARD,3.0,0 days 00:01:16.950000,0 days 01:05:36.650000
GAS,48.0,14.0,HARD,3.0,0 days 00:01:17.015000,0 days 01:06:53.665000
GAS,49.0,14.0,HARD,3.0,0 days 00:01:16.872000,0 days 01:08:10.537000
GAS,50.0,14.0,HARD,3.0,0 days 00:01:17.012000,0 days 01:09:27.549000
GAS,51.0,14.0,HARD,3.0,0 days 00:01:16.837000,0 days 01:10:44.386000
GAS,52.0,14.0,HARD,3.0,0 days 00:01:16.913000,0 days 01:12:01.299000
GAS,53.0,14.0,HARD,3.0,0 days 00:01:16.813000,0 days 01:13:18.112000
GAS,54.0,14.0,HARD,3.0,0 days 00:01:16.993000,0 days 01:14:35.105000
GAS,55.0,13.0,HARD,3.0,0 days 00:01:17.110000,0 days 01:15:52.215000
GAS,56.0,13.0,HARD,3.0,0 days 00:01:16.987000,0 days 01:17:09.202000
GAS,57.0,13.0,HARD,3.0,0 days 00:01:16.802000,0 days 01:18:26.004000
GAS,58.0,13.0,HARD,3.0,0 days 00:01:16.725000,0 days 01:19:42.729000
GAS,59.0,13.0,HARD,3.0,0 days 00:01:16.556000,0 days 01:20:59.285000
GAS,60.0,13.0,HARD,3.0,0 days 00:01:16.641000,0 days 01:22:15.926000
GAS,61.0,13.0,HARD,3.0,0 days 00:01:16.721000,0 days 01:23:32.647000
GAS,62.0,13.0,HARD,3.0,0 days 00:01:16.660000,0 days 01:24:49.307000
GAS,63.0,13.0,HARD,3.0,0 days 00:01:16.736000,0 days 01:26:06.043000
GAS,64.0,13.0,HARD,3.0,0 days 00:01:16.734000,0 days 01:27:22.777000
GAS,65.0,13.0,HARD,3.0,0 days 00:01:16.898000,0 days 01:28:39.675000
GAS,66.0,13.0,HARD,3.0,0 days 00:01:16.627000,0 days 01:29:56.302000
GAS,67.0,13.0,HARD,3.0,0 days 00:01:16.425000,0 days 01:31:12.727000
GAS,68.0,13.0,HARD,3.0,0 days 00:01:16.896000,0 days 01:32:29.623000
GAS,69.0,13.0,HARD,3.0,0 days 00:01:17.071000,0 days 01:33:46.694000
GAS,70.0,12,HARD,3.0,0 days 00:01:16.903000,0 days 01:35:03.597000
NOR,1.0,8.0,MEDIUM,1.0,0 days 00:01:28.099000,0 days 00:01:28.099000
NOR,2.0,8.0,MEDIUM,1.0,0 days 00:01:19.916000,0 days 00:02:48.015000
NOR,3.0,8.0,MEDIUM,1.0,0 days 00:01:18.491000,0 days 00:04:06.506000
NOR,4.0,8.0,MEDIUM,1.0,0 days 00:01:18.782000,0 days 00:05:25.288000
NOR,5.0,8.0,MEDIUM,1.0,0 days 00:01:18.330000,0 days 00:06:43.618000
NOR,6.0,8.0,MEDIUM,1.0,0 days 00:01:18.713000,0 days 00:08:02.331000
NOR,7.0,8.0,MEDIUM,1.0,0 days 00:01:19.697000,0 days 00:09:22.028000
NOR,8.0,8.0,MEDIUM,1.0,0 days 00:01:33.402000,0 days 00:10:55.430000
NOR,9.0,8.0,MEDIUM,1.0,0 days 00:01:18.580000,0 days 00:12:14.010000
NOR,10.0,8.0,MEDIUM,1.0,0 days 00:01:19.405000,0 days 00:13:33.415000
NOR,11.0,7.0,MEDIUM,1.0,0 days 00:01:18.491000,0 days 00:14:51.906000
NOR,12.0,11.0,MEDIUM,1.0,0 days 00:01:51.157000,0 days 00:16:43.063000
NOR,13.0,11.0,HARD,2.0,0 days 00:02:05.080000,0 days 00:18:48.143000
NOR,14.0,11.0,HARD,2.0,0 days 00:02:06.400000,0 days 00:20:54.543000
NOR,15.0,11.0,HARD,2.0,0 days 00:01:54.368000,0 days 00:22:48.911000
NOR,16.0,11.0,HARD,2.0,0 days 00:02:06.060000,0 days 00:24:54.971000
NOR,17.0,10.0,HARD,2.0,0 days 00:01:20.066000,0 days 00:26:15.037000
NOR,18.0,10.0,HARD,2.0,0 days 00:01:18.706000,0 days 00:27:33.743000
NOR,19.0,10.0,HARD,2.0,0 days 00:01:18.075000,0 days 00:28:51.818000
NOR,20.0,10.0,HARD,2.0,0 days 00:01:18.544000,0 days 00:30:10.362000
NOR,21.0,9.0,HARD,2.0,0 days 00:01:18.406000,0 days 00:31:28.768000
NOR,22.0,9.0,HARD,2.0,0 days 00:01:17.979000,0 days 00:32:46.747000
NOR,23.0,9.0,HARD,2.0,0 days 00:01:17.896000,0 days 00:34:04.643000
NOR,24.0,9.0,HARD,2.0,0 days 00:01:17.908000,0 days 00:35:22.551000
NOR,25.0,9.0,HARD,2.0,0 days 00:01:17.821000,0 days 00:36:40.372000
NOR,26.0,9.0,HARD,2.0,0 days 00:01:18.108000,0 days 00:37:58.480000
NOR,27.0,9.0,HARD,2.0,0 days 00:01:18.102000,0 days 00:39:16.582000
NOR,28.0,9.0,HARD,2.0,0 days 00:01:18.137000,0 days 00:40:34.719000
NOR,29.0,9.0,HARD,2.0,0 days 00:01:17.973000,0 days 00:41:52.692000
NOR,30.0,9.0,HARD,2.0,0 days 00:01:18.547000,0 days 00:43:11.239000
NOR,31.0,9.0,HARD,2.0,0 days 00:01:18.246000,0 days 00:44:29.485000
NOR,32.0,9.0,HARD,2.0,0 days 00:01:18.478000,0 days 00:45:47.963000
NOR,33.0,9.0,HARD,2.0,0 days 00:01:18.473000,0 days 00:47:06.436000
NOR,34.0,9.0,HARD,2.0,0 days 00:01:18.487000,0 days 00:48:24.923000
NOR,35.0,12.0,HARD,2.0,0 days 00:01:33.992000,0 days 00:49:58.915000
NOR,36.0,12.0,HARD,3.0,0 days 00:01:20.153000,0 days 00:51:19.068000
NOR,37.0,11.0,HARD,3.0,0 days 00:01:17.030000,0 days 00:52:36.098000
NOR,38.0,11.0,HARD,3.0,0 days 00:01:17.462000,0 days 00:53:53.560000
NOR,39.0,11.0,HARD,3.0,0 days 00:01:17.843000,0 days 00:55:11.403000
NOR,40.0,11.0,HARD,3.0,0 days 00:01:17.281000,0 days 00:56:28.684000
NOR,41.0,11.0,HARD,3.0,0 days 00:01:17.130000,0 days 00:57:45.814000
NOR,42.0,11.0,HARD,3.0,0 days 00:01:17.050000,0 days 00:59:02.864000
NOR,43.0,11.0,HARD,3.0,0 days 00:01:17.021000,0 days 01:00:19.885000
NOR,44.0,11.0,HARD,3.0,0 days 00:01:17.014000,0 days 01:01:36.899000
NOR,45.0,11.0,HARD,3.0,0 days 00:01:16.968000,0 days 01:02:53.867000
NOR,46.0,11.0,HARD,3.0,0 days 00:01:16.699000,0 days 01:04:10.566000
NOR,47.0,11.0,HARD,3.0,0 days 00:01:16.920000,0 days 01:05:27.486000
NOR,48.0,11.0,HARD,3.0,0 days 00:01:17.088000,0 days 01:06:44.574000
NOR,49.0,11.0,HARD,3.0,0 days 00:01:16.984000,0 days 01:08:01.558000
NOR,50.0,11.0,HARD,3.0,0 days 00:01:16.530000,0 days 01:09:18.088000
NOR,51.0,11.0,HARD,3.0,0 days 00:01:17.200000,0 days 01:10:35.288000
NOR,52.0,11.0,HARD,3.0,0 days 00:01:16.978000,0 days 01:11:52.266000
NOR,53.0,11.0,HARD,3.0,0 days 00:01:17.019000,0 days 01:13:09.285000
NOR,54.0,11.0,HARD,3.0,0 days 00:01:17.229000,0 days 01:14:26.514000
NOR,55.0,10.0,HARD,3.0,0 days 00:01:17.092000,0 days 01:15:43.606000
NOR,56.0,10.0,HARD,3.0,0 days 00:01:17.006000,0 days 01:17:00.612000
NOR,57.0,10.0,HARD,3.0,0 days 00:01:17.008000,0 days 01:18:17.620000
NOR,58.0,10.0,HARD,3.0,0 days 00:01:17.426000,0 days 01:19:35.046000
NOR,59.0,10.0,HARD,3.0,0 days 00:01:16.885000,0 days 01:20:51.931000
NOR,60.0,10.0,HARD,3.0,0 days 00:01:17.155000,0 days 01:22:09.086000
NOR,61.0,10.0,HARD,3.0,0 days 00:01:17.329000,0 days 01:23:26.415000
NOR,62.0,10.0,HARD,3.0,0 days 00:01:17.217000,0 days 01:24:43.632000
NOR,63.0,9.0,HARD,3.0,0 days 00:01:17.304000,0 days 01:26:00.936000
NOR,64.0,9.0,HARD,3.0,0 days 00:01:16.982000,0 days 01:27:17.918000
NOR,65.0,9.0,HARD,3.0,0 days 00:01:16.374000,0 days 01:28:34.292000
NOR,66.0,9.0,HARD,3.0,0 days 00:01:17.203000,0 days 01:29:51.495000
NOR,67.0,9.0,HARD,3.0,0 days 00:01:17.204000,0 days 01:31:08.699000
NOR,68.0,9.0,HARD,3.0,0 days 00:01:16.900000,0 days 01:32:25.599000
NOR,69.0,9.0,HARD,3.0,0 days 00:01:17.072000,0 days 01:33:42.671000
NOR,70.0,13,HARD,3.0,0 days 00:01:19.040000,0 days 01:35:01.711000
TSU,1.0,20.0,MEDIUM,1.0,0 days 00:01:49.276000,0 days 00:01:49.276000
TSU,2.0,20.0,HARD,2.0,0 days 00:01:22.407000,0 days 00:03:11.683000
TSU,3.0,20.0,HARD,3.0,0 days 00:01:18.117000,0 days 00:04:29.800000
TSU,4.0,20.0,HARD,3.0,0 days 00:01:18.038000,0 days 00:05:47.838000
TSU,5.0,20.0,HARD,3.0,0 days 00:01:18.051000,0 days 00:07:05.889000
TSU,6.0,20.0,HARD,3.0,0 days 00:01:18.401000,0 days 00:08:24.290000
TSU,7.0,19.0,HARD,3.0,0 days 00:01:31.754000,0 days 00:09:56.044000
TSU,8.0,19.0,HARD,3.0,0 days 00:01:19.515000,0 days 00:11:15.559000
TSU,9.0,19.0,HARD,3.0,0 days 00:01:18.209000,0 days 00:12:33.768000
TSU,10.0,18.0,HARD,3.0,0 days 00:01:18.063000,0 days 00:13:51.831000
TSU,11.0,17.0,HARD,3.0,0 days 00:01:18.045000,0 days 00:15:09.876000
TSU,12.0,15.0,HARD,3.0,0 days 00:01:38.704000,0 days 00:16:48.580000
TSU,13.0,14.0,HARD,3.0,0 days 00:02:02.936000,0 days 00:18:51.516000
TSU,14.0,15.0,HARD,3.0,0 days 00:02:07.199000,0 days 00:20:58.715000
TSU,15.0,14.0,HARD,3.0,0 days 00:01:54.993000,0 days 00:22:53.708000
TSU,16.0,17.0,HARD,3.0,0 days 00:02:02.457000,0 days 00:24:56.165000
TSU,17.0,17.0,HARD,3.0,0 days 00:01:19.922000,0 days 00:26:16.087000
TSU,18.0,16.0,HARD,3.0,0 days 00:01:19.207000,0 days 00:27:35.294000
TSU,19.0,16.0,HARD,3.0,0 days 00:01:18.282000,0 days 00:28:53.576000
TSU,20.0,16.0,HARD,3.0,0 days 00:01:18.525000,0 days 00:30:12.101000
TSU,21.0,17.0,HARD,3.0,0 days 00:01:18.982000,0 days 00:31:31.083000
TSU,22.0,16.0,HARD,3.0,0 days 00:01:18.264000,0 days 00:32:49.347000
TSU,23.0,17.0,HARD,3.0,0 days 00:01:18.688000,0 days 00:34:08.035000
TSU,24.0,16.0,HARD,3.0,0 days 00:01:18.273000,0 days 00:35:26.308000
TSU,25.0,17.0,HARD,3.0,0 days 00:01:18.716000,0 days 00:36:45.024000
TSU,26.0,17.0,HARD,3.0,0 days 00:01:18.665000,0 days 00:38:03.689000
TSU,27.0,16.0,HARD,3.0,0 days 00:01:18.503000,0 days 00:39:22.192000
TSU,28.0,16.0,HARD,3.0,0 days 00:01:18.426000,0 days 00:40:40.618000
TSU,29.0,16.0,HARD,3.0,0 days 00:01:18.779000,0 days 00:41:59.397000
TSU,30.0,16.0,HARD,3.0,0 days 00:01:18.493000,0 days 00:43:17.890000
TSU,31.0,15.0,HARD,3.0,0 days 00:01:18.383000,0 days 00:44:36.273000
TSU,32.0,15.0,HARD,3.0,0 days 00:01:18.732000,0 days 00:45:55.005000
TSU,33.0,15.0,HARD,3.0,0 days 00:01:18.852000,0 days 00:47:13.857000
TSU,34.0,18.0,HARD,3.0,0 days 00:01:38.070000,0 days 00:48:51.927000
TSU,35.0,17.0,HARD,3.0,0 days 00:01:20.934000,0 days 00:50:12.861000
TSU,36.0,17.0,HARD,3.0,0 days 00:01:17.334000,0 days 00:51:30.195000
TSU,37.0,17.0,HARD,3.0,0 days 00:01:17.398000,0 days 00:52:47.593000
TSU,38.0,17.0,HARD,3.0,0 days 00:01:17.432000,0 days 00:54:05.025000
TSU,39.0,17.0,HARD,3.0,0 days 00:01:17.200000,0 days 00:55:22.225000
TSU,40.0,16.0,HARD,3.0,0 days 00:01:17.258000,0 days 00:56:39.483000
TSU,41.0,16.0,HARD,3.0,0 days 00:01:17.222000,0 days 00:57:56.705000
TSU,42.0,16.0,HARD,3.0,0 days 00:01:17.217000,0 days 00:59:13.922000
TSU,43.0,16.0,HARD,3.0,0 days 00:01:17.383000,0 days 01:00:31.305000
TSU,44.0,16.0,HARD,3.0,0 days 00:01:17.637000,0 days 01:01:48.942000
TSU,45.0,16.0,HARD,3.0,0 days 00:01:17.706000,0 days 01:03:06.648000
TSU,46.0,16.0,HARD,3.0,0 days 00:01:17.131000,0 days 01:04:23.779000
TSU,47.0,16.0,HARD,3.0,0 days 00:01:16.967000,0 days 01:05:40.746000
TSU,48.0,16.0,HARD,3.0,0 days 00:01:17.026000,0 days 01:06:57.772000
TSU,49.0,16.0,HARD,3.0,0 days 00:01:17.204000,0 days 01:08:14.976000
TSU,50.0,15.0,HARD,3.0,0 days 00:01:16.859000,0 days 01:09:31.835000
TSU,51.0,15.0,HARD,3.0,0 days 00:01:16.781000,0 days 01:10:48.616000
TSU,52.0,15.0,HARD,3.0,0 days 00:01:16.781000,0 days 01:12:05.397000
TSU,53.0,15.0,HARD,3.0,0 days 00:01:16.743000,0 days 01:13:22.140000
TSU,54.0,15.0,HARD,3.0,0 days 00:01:16.952000,0 days 01:14:39.092000
TSU,55.0,14.0,HARD,3.0,0 days 00:01:17.393000,0 days 01:15:56.485000
TSU,56.0,14.0,HARD,3.0,0 days 00:01:16.713000,0 days 01:17:13.198000
TSU,57.0,14.0,HARD,3.0,0 days 00:01:17.006000,0 days 01:18:30.204000
TSU,58.0,14.0,HARD,3.0,0 days 00:01:17.553000,0 days 01:19:47.757000
TSU,59.0,14.0,HARD,3.0,0 days 00:01:17.599000,0 days 01:21:05.356000
TSU,60.0,14.0,HARD,3.0,0 days 00:01:17.103000,0 days 01:22:22.459000
TSU,61.0,14.0,HARD,3.0,0 days 00:01:16.941000,0 days 01:23:39.400000
TSU,62.0,14.0,HARD,3.0,0 days 00:01:17.008000,0 days 01:24:56.408000
TSU,63.0,14.0,HARD,3.0,0 days 00:01:16.930000,0 days 01:26:13.338000
TSU,64.0,14.0,HARD,3.0,0 days 00:01:17.143000,0 days 01:27:30.481000
TSU,65.0,14.0,HARD,3.0,0 days 00:01:16.984000,0 days 01:28:47.465000
TSU,66.0,14.0,HARD,3.0,0 days 00:01:17.010000,0 days 01:30:04.475000
TSU,67.0,14.0,HARD,3.0,0 days 00:01:16.821000,0 days 01:31:21.296000
TSU,68.0,14.0,HARD,3.0,0 days 00:01:16.666000,0 days 01:32:37.962000
TSU,69.0,14.0,HARD,3.0,0 days 00:01:16.852000,0 days 01:33:54.814000
TSU,70.0,14,HARD,3.0,0 days 00:01:16.957000,0 days 01:35:11.771000
HUL,1.0,6.0,MEDIUM,1.0,0 days 00:01:27.105000,0 days 00:01:27.105000
HUL,2.0,6.0,MEDIUM,1.0,0 days 00:01:19.510000,0 days 00:02:46.615000
HUL,3.0,6.0,MEDIUM,1.0,0 days 00:01:18.703000,0 days 00:04:05.318000
HUL,4.0,6.0,MEDIUM,1.0,0 days 00:01:18.696000,0 days 00:05:24.014000
HUL,5.0,6.0,MEDIUM,1.0,0 days 00:01:18.471000,0 days 00:06:42.485000
HUL,6.0,6.0,MEDIUM,1.0,0 days 00:01:18.726000,0 days 00:08:01.211000
HUL,7.0,7.0,MEDIUM,1.0,0 days 00:01:20.594000,0 days 00:09:21.805000
HUL,8.0,7.0,MEDIUM,1.0,0 days 00:01:33.225000,0 days 00:10:55.030000
HUL,9.0,7.0,MEDIUM,1.0,0 days 00:01:18.866000,0 days 00:12:13.896000
HUL,10.0,7.0,MEDIUM,1.0,0 days 00:01:19.083000,0 days 00:13:32.979000
HUL,11.0,15.0,MEDIUM,1.0,0 days 00:01:35.932000,0 days 00:15:08.911000
HUL,12.0,14.0,HARD,2.0,0 days 00:01:41.519000,0 days 00:16:50.430000
HUL,13.0,15.0,HARD,2.0,0 days 00:02:04.074000,0 days 00:18:54.504000
HUL,14.0,14.0,HARD,2.0,0 days 00:02:06.389000,0 days 00:21:00.893000
HUL,15.0,15.0,HARD,2.0,0 days 00:01:56.870000,0 days 00:22:57.763000
HUL,16.0,14.0,HARD,2.0,0 days 00:01:59.366000,0 days 00:24:57.129000
HUL,17.0,14.0,HARD,2.0,0 days 00:01:20.153000,0 days 00:26:17.282000
HUL,18.0,14.0,HARD,2.0,0 days 00:01:19.371000,0 days 00:27:36.653000
HUL,19.0,14.0,HARD,2.0,0 days 00:01:18.199000,0 days 00:28:54.852000
HUL,20.0,14.0,HARD,2.0,0 days 00:01:18.555000,0 days 00:30:13.407000
HUL,21.0,14.0,HARD,2.0,0 days 00:01:18.786000,0 days 00:31:32.193000
HUL,22.0,14.0,HARD,2.0,0 days 00:01:18.348000,0 days 00:32:50.541000
HUL,23.0,14.0,HARD,2.0,0 days 00:01:18.695000,0 days 00:34:09.236000
HUL,24.0,14.0,HARD,2.0,0 days 00:01:18.391000,0 days 00:35:27.627000
HUL,25.0,14.0,HARD,2.0,0 days 00:01:18.537000,0 days 00:36:46.164000
HUL,26.0,14.0,HARD,2.0,0 days 00:01:18.690000,0 days 00:38:04.854000
HUL,27.0,14.0,HARD,2.0,0 days 00:01:18.597000,0 days 00:39:23.451000
HUL,28.0,14.0,HARD,2.0,0 days 00:01:18.490000,0 days 00:40:41.941000
HUL,29.0,14.0,HARD,2.0,0 days 00:01:18.755000,0 days 00:42:00.696000
HUL,30.0,14.0,HARD,2.0,0 days 00:01:18.564000,0 days 00:43:19.260000
HUL,31.0,19.0,HARD,2.0,0 days 00:01:35.300000,0 days 00:44:54.560000
HUL,32.0,18.0,HARD,3.0,0 days 00:01:19.532000,0 days 00:46:14.092000
HUL,33.0,17.0,HARD,3.0,0 days 00:01:17.294000,0 days 00:47:31.386000
HUL,34.0,16.0,HARD,3.0,0 days 00:01:17.692000,0 days 00:48:49.078000
HUL,35.0,14.0,HARD,3.0,0 days 00:01:18.484000,0 days 00:50:07.562000
HUL,36.0,14.0,HARD,3.0,0 days 00:01:17.306000,0 days 00:51:24.868000
HUL,37.0,14.0,HARD,3.0,0 days 00:01:17.232000,0 days 00:52:42.100000
HUL,38.0,14.0,HARD,3.0,0 days 00:01:17.889000,0 days 00:53:59.989000
HUL,39.0,14.0,HARD,3.0,0 days 00:01:17.588000,0 days 00:55:17.577000
HUL,40.0,14.0,HARD,3.0,0 days 00:01:18.104000,0 days 00:56:35.681000
HUL,41.0,14.0,HARD,3.0,0 days 00:01:18.009000,0 days 00:57:53.690000
HUL,42.0,14.0,HARD,3.0,0 days 00:01:17.718000,0 days 00:59:11.408000
HUL,43.0,15.0,HARD,3.0,0 days 00:01:18.463000,0 days 01:00:29.871000
HUL,44.0,15.0,HARD,3.0,0 days 00:01:17.961000,0 days 01:01:47.832000
HUL,45.0,15.0,HARD,3.0,0 days 00:01:17.533000,0 days 01:03:05.365000
HUL,46.0,15.0,HARD,3.0,0 days 00:01:17.379000,0 days 01:04:22.744000
HUL,47.0,15.0,HARD,3.0,0 days 00:01:17.600000,0 days 01:05:40.344000
HUL,48.0,15.0,HARD,3.0,0 days 00:01:17.959000,0 days 01:06:58.303000
HUL,49.0,15.0,HARD,3.0,0 days 00:01:18.135000,0 days 01:08:16.438000
HUL,50.0,16.0,HARD,3.0,0 days 00:01:18.019000,0 days 01:09:34.457000
HUL,51.0,16.0,HARD,3.0,0 days 00:01:17.666000,0 days 01:10:52.123000
HUL,52.0,16.0,HARD,3.0,0 days 00:01:17.906000,0 days 01:12:10.029000
HUL,53.0,16.0,HARD,3.0,0 days 00:01:17.449000,0 days 01:13:27.478000
HUL,54.0,16.0,HARD,3.0,0 days 00:01:18.491000,0 days 01:14:45.969000
HUL,55.0,15.0,HARD,3.0,0 days 00:01:17.896000,0 days 01:16:03.865000
HUL,56.0,15.0,HARD,3.0,0 days 00:01:17.498000,0 days 01:17:21.363000
HUL,57.0,15.0,HARD,3.0,0 days 00:01:17.588000,0 days 01:18:38.951000
HUL,58.0,15.0,HARD,3.0,0 days 00:01:17.376000,0 days 01:19:56.327000
HUL,59.0,15.0,HARD,3.0,0 days 00:01:17.427000,0 days 01:21:13.754000
HUL,60.0,15.0,HARD,3.0,0 days 00:01:17.474000,0 days 01:22:31.228000
HUL,61.0,15.0,HARD,3.0,0 days 00:01:17.764000,0 days 01:23:48.992000
HUL,62.0,15.0,HARD,3.0,0 days 00:01:19.143000,0 days 01:25:08.135000
HUL,63.0,15.0,HARD,3.0,0 days 00:01:17.615000,0 days 01:26:25.750000
HUL,64.0,15.0,HARD,3.0,0 days 00:01:17.576000,0 days 01:27:43.326000
HUL,65.0,15.0,HARD,3.0,0 days 00:01:18.148000,0 days 01:29:01.474000
HUL,66.0,15.0,HARD,3.0,0 days 00:01:19.315000,0 days 01:30:20.789000
HUL,67.0,15.0,HARD,3.0,0 days 00:01:18.976000,0 days 01:31:39.765000
HUL,68.0,15.0,HARD,3.0,0 days 00:01:17.562000,0 days 01:32:57.327000
HUL,69.0,15,HARD,3.0,0 days 00:01:17.964000,0 days 01:34:15.291000
ZHO,1.0,19.0,MEDIUM,1.0,0 days 00:01:33.913000,0 days 00:01:33.913000
ZHO,2.0,19.0,MEDIUM,1.0,0 days 00:01:20.515000,0 days 00:02:54.428000
ZHO,3.0,19.0,MEDIUM,1.0,0 days 00:01:18.964000,0 days 00:04:13.392000
ZHO,4.0,19.0,MEDIUM,1.0,0 days 00:01:18.749000,0 days 00:05:32.141000
ZHO,5.0,19.0,MEDIUM,1.0,0 days 00:01:19.443000,0 days 00:06:51.584000
ZHO,6.0,19.0,MEDIUM,1.0,0 days 00:01:19.469000,0 days 00:08:11.053000
ZHO,7.0,18.0,MEDIUM,1.0,0 days 00:01:25.975000,0 days 00:09:37.028000
ZHO,8.0,18.0,MEDIUM,1.0,0 days 00:01:26.453000,0 days 00:11:03.481000
ZHO,9.0,18.0,MEDIUM,1.0,0 days 00:01:18.601000,0 days 00:12:22.082000
ZHO,10.0,17.0,MEDIUM,1.0,0 days 00:01:18.941000,0 days 00:13:41.023000
ZHO,11.0,14.0,MEDIUM,1.0,0 days 00:01:18.531000,0 days 00:14:59.554000
ZHO,12.0,13.0,MEDIUM,1.0,0 days 00:01:48.723000,0 days 00:16:48.277000
ZHO,13.0,13.0,HARD,2.0,0 days 00:02:04.450000,0 days 00:18:52.727000
ZHO,14.0,13.0,HARD,2.0,0 days 00:02:07.167000,0 days 00:20:59.894000
ZHO,15.0,13.0,HARD,2.0,0 days 00:01:55.940000,0 days 00:22:55.834000
ZHO,16.0,13.0,HARD,2.0,0 days 00:02:00.909000,0 days 00:24:56.743000
ZHO,17.0,13.0,HARD,2.0,0 days 00:01:19.911000,0 days 00:26:16.654000
ZHO,18.0,13.0,HARD,2.0,0 days 00:01:19.316000,0 days 00:27:35.970000
ZHO,19.0,13.0,HARD,2.0,0 days 00:01:18.036000,0 days 00:28:54.006000
ZHO,20.0,13.0,HARD,2.0,0 days 00:01:18.760000,0 days 00:30:12.766000
ZHO,21.0,13.0,HARD,2.0,0 days 00:01:18.793000,0 days 00:31:31.559000
ZHO,22.0,13.0,HARD,2.0,0 days 00:01:18.385000,0 days 00:32:49.944000
ZHO,23.0,13.0,HARD,2.0,0 days 00:01:18.673000,0 days 00:34:08.617000
ZHO,24.0,13.0,HARD,2.0,0 days 00:01:18.359000,0 days 00:35:26.976000
ZHO,25.0,13.0,HARD,2.0,0 days 00:01:18.584000,0 days 00:36:45.560000
ZHO,26.0,13.0,HARD,2.0,0 days 00:01:18.734000,0 days 00:38:04.294000
ZHO,27.0,13.0,HARD,2.0,0 days 00:01:18.448000,0 days 00:39:22.742000
ZHO,28.0,13.0,HARD,2.0,0 days 00:01:18.322000,0 days 00:40:41.064000
ZHO,29.0,13.0,HARD,2.0,0 days 00:01:18.940000,0 days 00:42:00.004000
ZHO,30.0,13.0,HARD,2.0,0 days 00:01:18.634000,0 days 00:43:18.638000
ZHO,31.0,13.0,HARD,2.0,0 days 00:01:18.441000,0 days 00:44:37.079000
ZHO,32.0,19.0,HARD,2.0,0 days 00:01:38.634000,0 days 00:46:15.713000
ZHO,33.0,19.0,HARD,3.0,0 days 00:01:21.363000,0 days 00:47:37.076000
ZHO,34.0,19.0,HARD,3.0,0 days 00:01:18.009000,0 days 00:48:55.085000
ZHO,35.0,16.0,HARD,3.0,0 days 00:01:18.402000,0 days 00:50:13.487000
ZHO,36.0,16.0,HARD,3.0,0 days 00:01:18.055000,0 days 00:51:31.542000
ZHO,37.0,16.0,HARD,3.0,0 days 00:01:17.836000,0 days 00:52:49.378000
ZHO,38.0,16.0,HARD,3.0,0 days 00:01:17.634000,0 days 00:54:07.012000
ZHO,39.0,16.0,HARD,3.0,0 days 00:01:17.219000,0 days 00:55:24.231000
ZHO,40.0,17.0,HARD,3.0,0 days 00:01:17.800000,0 days 00:56:42.031000
ZHO,41.0,17.0,HARD,3.0,0 days 00:01:17.431000,0 days 00:57:59.462000
ZHO,42.0,17.0,HARD,3.0,0 days 00:01:19.675000,0 days 00:59:19.137000
ZHO,43.0,17.0,HARD,3.0,0 days 00:01:18.558000,0 days 01:00:37.695000
ZHO,44.0,17.0,HARD,3.0,0 days 00:01:17.694000,0 days 01:01:55.389000
ZHO,45.0,17.0,HARD,3.0,0 days 00:01:17.575000,0 days 01:03:12.964000
ZHO,46.0,17.0,HARD,3.0,0 days 00:01:17.141000,0 days 01:04:30.105000
ZHO,47.0,17.0,HARD,3.0,0 days 00:01:17.373000,0 days 01:05:47.478000
ZHO,48.0,17.0,HARD,3.0,0 days 00:01:17.366000,0 days 01:07:04.844000
ZHO,49.0,17.0,HARD,3.0,0 days 00:01:17.412000,0 days 01:08:22.256000
ZHO,50.0,17.0,HARD,3.0,0 days 00:01:17.249000,0 days 01:09:39.505000
ZHO,51.0,17.0,HARD,3.0,0 days 00:01:17.503000,0 days 01:10:57.008000
ZHO,52.0,17.0,HARD,3.0,0 days 00:01:17.354000,0 days 01:12:14.362000
ZHO,53.0,17.0,HARD,3.0,0 days 00:01:17.236000,0 days 01:13:31.598000
ZHO,54.0,17.0,HARD,3.0,0 days 00:01:17.404000,0 days 01:14:49.002000
ZHO,55.0,16.0,HARD,3.0,0 days 00:01:17.523000,0 days 01:16:06.525000
ZHO,56.0,16.0,HARD,3.0,0 days 00:01:17.311000,0 days 01:17:23.836000
ZHO,57.0,16.0,HARD,3.0,0 days 00:01:17.237000,0 days 01:18:41.073000
ZHO,58.0,16.0,HARD,3.0,0 days 00:01:17.090000,0 days 01:19:58.163000
ZHO,59.0,16.0,HARD,3.0,0 days 00:01:17.196000,0 days 01:21:15.359000
ZHO,60.0,16.0,HARD,3.0,0 days 00:01:17.227000,0 days 01:22:32.586000
ZHO,61.0,16.0,HARD,3.0,0 days 00:01:18.766000,0 days 01:23:51.352000
ZHO,62.0,16.0,HARD,3.0,0 days 00:01:17.205000,0 days 01:25:08.557000
ZHO,63.0,16.0,HARD,3.0,0 days 00:01:17.721000,0 days 01:26:26.278000
ZHO,64.0,16.0,HARD,3.0,0 days 00:01:17.508000,0 days 01:27:43.786000
ZHO,65.0,16.0,HARD,3.0,0 days 00:01:18.724000,0 days 01:29:02.510000
ZHO,66.0,16.0,HARD,3.0,0 days 00:01:18.688000,0 days 01:30:21.198000
ZHO,67.0,16.0,HARD,3.0,0 days 00:01:19.040000,0 days 01:31:40.238000
ZHO,68.0,16.0,HARD,3.0,0 days 00:01:17.447000,0 days 01:32:57.685000
ZHO,69.0,16,HARD,3.0,0 days 00:01:18.040000,0 days 01:34:15.725000
MAG,1.0,15.0,HARD,1.0,0 days 00:01:32.026000,0 days 00:01:32.026000
MAG,2.0,15.0,HARD,1.0,0 days 00:01:20.354000,0 days 00:02:52.380000
MAG,3.0,15.0,HARD,1.0,0 days 00:01:18.742000,0 days 00:04:11.122000
MAG,4.0,15.0,HARD,1.0,0 days 00:01:18.198000,0 days 00:05:29.320000
MAG,5.0,15.0,HARD,1.0,0 days 00:01:18.466000,0 days 00:06:47.786000
MAG,6.0,15.0,HARD,1.0,0 days 00:01:18.684000,0 days 00:08:06.470000
MAG,7.0,15.0,HARD,1.0,0 days 00:01:19.376000,0 days 00:09:25.846000
MAG,8.0,15.0,HARD,1.0,0 days 00:01:33.114000,0 days 00:10:58.960000
MAG,9.0,15.0,HARD,1.0,0 days 00:01:18.760000,0 days 00:12:17.720000
MAG,10.0,14.0,HARD,1.0,0 days 00:01:19.105000,0 days 00:13:36.825000
MAG,11.0,12.0,HARD,1.0,0 days 00:01:18.601000,0 days 00:14:55.426000
MAG,12.0,7.0,HARD,1.0,0 days 00:01:34.232000,0 days 00:16:29.658000
MAG,13.0,7.0,HARD,1.0,0 days 00:02:14.339000,0 days 00:18:43.997000
MAG,14.0,7.0,HARD,1.0,0 days 00:02:05.565000,0 days 00:20:49.562000
MAG,15.0,7.0,HARD,1.0,0 days 00:01:54.154000,0 days 00:22:43.716000
MAG,16.0,7.0,HARD,1.0,0 days 00:02:09.710000,0 days 00:24:53.426000
MAG,17.0,7.0,HARD,1.0,0 days 00:01:19.884000,0 days 00:26:13.310000
MAG,18.0,7.0,HARD,1.0,0 days 00:01:18.722000,0 days 00:27:32.032000
MAG,19.0,7.0,HARD,1.0,0 days 00:01:18.253000,0 days 00:28:50.285000
MAG,20.0,9.0,HARD,1.0,0 days 00:01:19.998000,0 days 00:30:10.283000
MAG,21.0,10.0,HARD,1.0,0 days 00:01:19.305000,0 days 00:31:29.588000
MAG,22.0,10.0,HARD,1.0,0 days 00:01:18.576000,0 days 00:32:48.164000
MAG,23.0,10.0,HARD,1.0,0 days 00:01:18.495000,0 days 00:34:06.659000
MAG,24.0,11.0,HARD,1.0,0 days 00:01:18.535000,0 days 00:35:25.194000
MAG,25.0,11.0,HARD,1.0,0 days 00:01:18.916000,0 days 00:36:44.110000
MAG,26.0,11.0,HARD,1.0,0 days 00:01:18.604000,0 days 00:38:02.714000
MAG,27.0,11.0,HARD,1.0,0 days 00:01:18.494000,0 days 00:39:21.208000
MAG,28.0,12.0,HARD,1.0,0 days 00:01:18.932000,0 days 00:40:40.140000
MAG,29.0,12.0,HARD,1.0,0 days 00:01:18.838000,0 days 00:41:58.978000
MAG,30.0,12.0,HARD,1.0,0 days 00:01:18.310000,0 days 00:43:17.288000
MAG,31.0,12.0,HARD,1.0,0 days 00:01:18.534000,0 days 00:44:35.822000
MAG,32.0,12.0,HARD,1.0,0 days 00:01:18.895000,0 days 00:45:54.717000
MAG,33.0,12.0,HARD,1.0,0 days 00:01:18.707000,0 days 00:47:13.424000
MAG,34.0,12.0,HARD,1.0,0 days 00:01:19.494000,0 days 00:48:32.918000
MAG,35.0,18.0,HARD,1.0,0 days 00:02:19.693000,0 days 00:50:52.611000
MAG,36.0,19.0,MEDIUM,2.0,0 days 00:01:22.185000,0 days 00:52:14.796000
MAG,37.0,19.0,MEDIUM,2.0,0 days 00:01:18.693000,0 days 00:53:33.489000
MAG,38.0,19.0,MEDIUM,2.0,0 days 00:01:17.415000,0 days 00:54:50.904000
MAG,39.0,19.0,MEDIUM,2.0,0 days 00:01:17.602000,0 days 00:56:08.506000
MAG,40.0,19.0,MEDIUM,2.0,0 days 00:01:17.053000,0 days 00:57:25.559000
MAG,41.0,19.0,MEDIUM,2.0,0 days 00:01:19.790000,0 days 00:58:45.349000
MAG,42.0,19.0,MEDIUM,2.0,0 days 00:01:18.044000,0 days 01:00:03.393000
MAG,43.0,19.0,MEDIUM,2.0,0 days 00:01:19.123000,0 days 01:01:22.516000
MAG,44.0,18.0,MEDIUM,2.0,0 days 00:01:17.638000,0 days 01:02:40.154000
MAG,45.0,18.0,MEDIUM,2.0,0 days 00:01:17.966000,0 days 01:03:58.120000
MAG,46.0,18.0,MEDIUM,2.0,0 days 00:01:17.680000,0 days 01:05:15.800000
MAG,47.0,18.0,MEDIUM,2.0,0 days 00:01:17.440000,0 days 01:06:33.240000
MAG,48.0,18.0,MEDIUM,2.0,0 days 00:01:17.635000,0 days 01:07:50.875000
MAG,49.0,18.0,MEDIUM,2.0,0 days 00:01:17.695000,0 days 01:09:08.570000
MAG,50.0,18.0,MEDIUM,2.0,0 days 00:01:17.705000,0 days 01:10:26.275000
MAG,51.0,18.0,MEDIUM,2.0,0 days 00:01:17.485000,0 days 01:11:43.760000
MAG,52.0,18.0,MEDIUM,2.0,0 days 00:01:17.423000,0 days 01:13:01.183000
MAG,53.0,18.0,MEDIUM,2.0,0 days 00:01:34.636000,0 days 01:14:35.819000
MAG,54.0,18.0,MEDIUM,3.0,0 days 00:01:21.837000,0 days 01:15:57.656000
MAG,55.0,17.0,MEDIUM,3.0,0 days 00:01:16.126000,0 days 01:17:13.782000
MAG,56.0,17.0,MEDIUM,3.0,0 days 00:01:16.852000,0 days 01:18:30.634000
MAG,57.0,17.0,MEDIUM,3.0,0 days 00:01:17.045000,0 days 01:19:47.679000
MAG,58.0,17.0,MEDIUM,3.0,0 days 00:01:16.883000,0 days 01:21:04.562000
MAG,59.0,17.0,MEDIUM,3.0,0 days 00:01:16.739000,0 days 01:22:21.301000
MAG,60.0,17.0,MEDIUM,3.0,0 days 00:01:16.722000,0 days 01:23:38.023000
MAG,61.0,17.0,MEDIUM,3.0,0 days 00:01:16.778000,0 days 01:24:54.801000
MAG,62.0,17.0,MEDIUM,3.0,0 days 00:01:16.875000,0 days 01:26:11.676000
MAG,63.0,17.0,MEDIUM,3.0,0 days 00:01:17.057000,0 days 01:27:28.733000
MAG,64.0,17.0,MEDIUM,3.0,0 days 00:01:16.729000,0 days 01:28:45.462000
MAG,65.0,17.0,MEDIUM,3.0,0 days 00:01:16.974000,0 days 01:30:02.436000
MAG,66.0,17.0,MEDIUM,3.0,0 days 00:01:16.791000,0 days 01:31:19.227000
MAG,67.0,17.0,MEDIUM,3.0,0 days 00:01:16.522000,0 days 01:32:35.749000
MAG,68.0,17.0,MEDIUM,3.0,0 days 00:01:16.421000,0 days 01:33:52.170000
MAG,69.0,17,MEDIUM,3.0,0 days 00:01:16.437000,0 days 01:35:08.607000
DEV,1.0,17.0,MEDIUM,1.0,0 days 00:01:32.516000,0 days 00:01:32.516000
DEV,2.0,17.0,MEDIUM,1.0,0 days 00:01:20.694000,0 days 00:02:53.210000
DEV,3.0,17.0,MEDIUM,1.0,0 days 00:01:18.857000,0 days 00:04:12.067000
DEV,4.0,17.0,MEDIUM,1.0,0 days 00:01:19.152000,0 days 00:05:31.219000
DEV,5.0,17.0,MEDIUM,1.0,0 days 00:01:19.341000,0 days 00:06:50.560000
DEV,6.0,17.0,MEDIUM,1.0,0 days 00:01:19.234000,0 days 00:08:09.794000
DEV,7.0,17.0,MEDIUM,1.0,0 days 00:01:23.306000,0 days 00:09:33.100000
DEV,8.0,17.0,MEDIUM,1.0,0 days 00:01:27.164000,0 days 00:11:00.264000
DEV,9.0,17.0,MEDIUM,1.0,0 days 00:01:18.747000,0 days 00:12:19.011000
DEV,10.0,16.0,MEDIUM,1.0,0 days 00:01:19.008000,0 days 00:13:38.019000
DEV,11.0,18.0,MEDIUM,1.0,0 days 00:01:36.152000,0 days 00:15:14.171000
DEV,12.0,17.0,HARD,2.0,0 days 00:01:44.807000,0 days 00:16:58.978000
DEV,13.0,17.0,HARD,2.0,0 days 00:01:57.764000,0 days 00:18:56.742000
DEV,14.0,17.0,HARD,2.0,0 days 00:02:06.580000,0 days 00:21:03.322000
DEV,15.0,17.0,HARD,2.0,0 days 00:01:57.365000,0 days 00:23:00.687000
DEV,16.0,16.0,HARD,2.0,0 days 00:01:57.470000,0 days 00:24:58.157000
DEV,17.0,16.0,HARD,2.0,0 days 00:01:19.948000,0 days 00:26:18.105000
DEV,18.0,17.0,HARD,2.0,0 days 00:01:19.434000,0 days 00:27:37.539000
DEV,19.0,17.0,HARD,2.0,0 days 00:01:18.433000,0 days 00:28:55.972000
DEV,20.0,17.0,HARD,2.0,0 days 00:01:18.400000,0 days 00:30:14.372000
DEV,21.0,16.0,HARD,2.0,0 days 00:01:18.822000,0 days 00:31:33.194000
DEV,22.0,17.0,HARD,2.0,0 days 00:01:18.566000,0 days 00:32:51.760000
DEV,23.0,16.0,HARD,2.0,0 days 00:01:18.364000,0 days 00:34:10.124000
DEV,24.0,17.0,HARD,2.0,0 days 00:01:18.680000,0 days 00:35:28.804000
DEV,25.0,16.0,HARD,2.0,0 days 00:01:18.297000,0 days 00:36:47.101000
DEV,26.0,16.0,HARD,2.0,0 days 00:01:18.624000,0 days 00:38:05.725000
DEV,27.0,15.0,HARD,2.0,0 days 00:01:18.572000,0 days 00:39:24.297000
DEV,28.0,15.0,HARD,2.0,0 days 00:01:18.202000,0 days 00:40:42.499000
DEV,29.0,15.0,HARD,2.0,0 days 00:01:18.635000,0 days 00:42:01.134000
DEV,30.0,15.0,HARD,2.0,0 days 00:01:18.585000,0 days 00:43:19.719000
DEV,31.0,14.0,HARD,2.0,0 days 00:01:18.401000,0 days 00:44:38.120000
DEV,32.0,13.0,HARD,2.0,0 days 00:01:18.282000,0 days 00:45:56.402000
DEV,33.0,13.0,HARD,2.0,0 days 00:01:18.256000,0 days 00:47:14.658000
DEV,34.0,13.0,HARD,2.0,0 days 00:01:18.404000,0 days 00:48:33.062000
DEV,35.0,19.0,HARD,2.0,0 days 00:02:19.671000,0 days 00:50:52.733000
DEV,36.0,18.0,HARD,2.0,0 days 00:01:18.820000,0 days 00:52:11.553000
DEV,37.0,18.0,HARD,2.0,0 days 00:01:18.669000,0 days 00:53:30.222000
DEV,38.0,18.0,HARD,2.0,0 days 00:01:18.352000,0 days 00:54:48.574000
DEV,39.0,18.0,HARD,2.0,0 days 00:01:18.438000,0 days 00:56:07.012000
DEV,40.0,18.0,HARD,2.0,0 days 00:01:18.292000,0 days 00:57:25.304000
DEV,41.0,18.0,HARD,2.0,0 days 00:01:19.220000,0 days 00:58:44.524000
DEV,42.0,18.0,HARD,2.0,0 days 00:01:18.606000,0 days 01:00:03.130000
DEV,43.0,18.0,HARD,2.0,0 days 00:01:18.964000,0 days 01:01:22.094000
DEV,44.0,19.0,HARD,2.0,0 days 00:01:18.632000,0 days 01:02:40.726000
DEV,45.0,19.0,HARD,2.0,0 days 00:01:18.202000,0 days 01:03:58.928000
DEV,46.0,19.0,HARD,2.0,0 days 00:01:18.385000,0 days 01:05:17.313000
DEV,47.0,19.0,HARD,2.0,0 days 00:01:18.838000,0 days 01:06:36.151000
DEV,48.0,19.0,HARD,2.0,0 days 00:01:18.583000,0 days 01:07:54.734000
DEV,49.0,19.0,HARD,2.0,0 days 00:01:18.120000,0 days 01:09:12.854000
DEV,50.0,19.0,HARD,2.0,0 days 00:01:34.364000,0 days 01:10:47.218000
DEV,51.0,19.0,HARD,3.0,0 days 00:01:20.592000,0 days 01:12:07.810000
DEV,52.0,19.0,HARD,3.0,0 days 00:01:16.656000,0 days 01:13:24.466000
DEV,53.0,19.0,HARD,3.0,0 days 00:01:16.821000,0 days 01:14:41.287000
DEV,54.0,19.0,HARD,3.0,0 days 00:01:16.899000,0 days 01:15:58.186000
DEV,55.0,18.0,HARD,3.0,0 days 00:01:17.039000,0 days 01:17:15.225000
DEV,56.0,18.0,HARD,3.0,0 days 00:01:16.903000,0 days 01:18:32.128000
DEV,57.0,18.0,HARD,3.0,0 days 00:01:16.784000,0 days 01:19:48.912000
DEV,58.0,18.0,HARD,3.0,0 days 00:01:17.066000,0 days 01:21:05.978000
DEV,59.0,18.0,HARD,3.0,0 days 00:01:16.952000,0 days 01:22:22.930000
DEV,60.0,18.0,HARD,3.0,0 days 00:01:17.573000,0 days 01:23:40.503000
DEV,61.0,18.0,HARD,3.0,0 days 00:01:17.423000,0 days 01:24:57.926000
DEV,62.0,18.0,HARD,3.0,0 days 00:01:17.123000,0 days 01:26:15.049000
DEV,63.0,18.0,HARD,3.0,0 days 00:01:17.105000,0 days 01:27:32.154000
DEV,64.0,18.0,HARD,3.0,0 days 00:01:17.185000,0 days 01:28:49.339000
DEV,65.0,18.0,HARD,3.0,0 days 00:01:16.910000,0 days 01:30:06.249000
DEV,66.0,18.0,HARD,3.0,0 days 00:01:16.704000,0 days 01:31:22.953000
DEV,67.0,18.0,HARD,3.0,0 days 00:01:16.846000,0 days 01:32:39.799000
DEV,68.0,18.0,HARD,3.0,0 days 00:01:16.737000,0 days 01:33:56.536000
DEV,69.0,18,HARD,3.0,0 days 00:01:16.779000,0 days 01:35:13.315000
RUS,1.0,4.0,MEDIUM,1.0,0 days 00:01:25.376000,0 days 00:01:25.376000
RUS,2.0,4.0,MEDIUM,1.0,0 days 00:01:18.882000,0 days 00:02:44.258000
RUS,3.0,4.0,MEDIUM,1.0,0 days 00:01:17.996000,0 days 00:04:02.254000
RUS,4.0,4.0,MEDIUM,1.0,0 days 00:01:17.594000,0 days 00:05:19.848000
RUS,5.0,4.0,MEDIUM,1.0,0 days 00:01:17.640000,0 days 00:06:37.488000
RUS,6.0,4.0,MEDIUM,1.0,0 days 00:01:17.659000,0 days 00:07:55.147000
RUS,7.0,4.0,MEDIUM,1.0,0 days 00:01:17.630000,0 days 00:09:12.777000
RUS,8.0,4.0,MEDIUM,1.0,0 days 00:01:33.289000,0 days 00:10:46.066000
RUS,9.0,4.0,MEDIUM,1.0,0 days 00:01:17.463000,0 days 00:12:03.529000
RUS,10.0,4.0,MEDIUM,1.0,0 days 00:01:17.968000,0 days 00:13:21.497000
RUS,11.0,4.0,MEDIUM,1.0,0 days 00:01:17.917000,0 days 00:14:39.414000
RUS,12.0,19.0,MEDIUM,1.0,,
RUS,13.0,19.0,HARD,2.0,0 days 00:01:26.211000,-106752 days +00:28:48.770224192
RUS,14.0,19.0,HARD,2.0,0 days 00:01:24.964000,-106752 days +00:30:13.734224192
RUS,15.0,19.0,HARD,2.0,0 days 00:01:55.105000,-106752 days +00:32:08.839224192
RUS,16.0,19.0,HARD,2.0,0 days 00:01:55.028000,-106752 days +00:34:03.867224192
RUS,17.0,19.0,HARD,2.0,0 days 00:01:20.013000,-106752 days +00:35:23.880224192
RUS,18.0,19.0,HARD,2.0,0 days 00:01:19.230000,-106752 days +00:36:43.110224192
RUS,19.0,19.0,HARD,2.0,0 days 00:01:18.853000,-106752 days +00:38:01.963224192
RUS,20.0,19.0,HARD,2.0,0 days 00:01:18.285000,-106752 days +00:39:20.248224192
RUS,21.0,19.0,HARD,2.0,0 days 00:01:18.664000,-106752 days +00:40:38.912224192
RUS,22.0,19.0,HARD,2.0,0 days 00:01:18.499000,-106752 days +00:41:57.411224192
RUS,23.0,19.0,HARD,2.0,0 days 00:01:18.546000,-106752 days +00:43:15.957224192
RUS,24.0,19.0,HARD,2.0,0 days 00:01:18.527000,-106752 days +00:44:34.484224192
RUS,25.0,19.0,HARD,2.0,0 days 00:01:18.428000,-106752 days +00:45:52.912224192
RUS,26.0,19.0,HARD,2.0,0 days 00:01:18.416000,-106752 days +00:47:11.328224192
RUS,27.0,18.0,HARD,2.0,0 days 00:01:18.965000,-106752 days +00:48:30.293224192
RUS,28.0,18.0,HARD,2.0,0 days 00:01:18.265000,-106752 days +00:49:48.558224192
RUS,29.0,18.0,HARD,2.0,0 days 00:01:18.390000,-106752 days +00:51:06.948224192
RUS,30.0,18.0,HARD,2.0,0 days 00:01:18.882000,-106752 days +00:52:25.830224192
RUS,31.0,17.0,HARD,2.0,0 days 00:01:18.326000,-106752 days +00:53:44.156224192
RUS,32.0,16.0,HARD,2.0,0 days 00:01:18.308000,-106752 days +00:55:02.464224192
RUS,33.0,14.0,HARD,2.0,0 days 00:01:17.940000,-106752 days +00:56:20.404224192
RUS,34.0,14.0,HARD,2.0,0 days 00:01:17.868000,-106752 days +00:57:38.272224192
RUS,35.0,11.0,HARD,2.0,0 days 00:01:18.314000,-106752 days +00:58:56.586224192
RUS,36.0,9.0,HARD,2.0,0 days 00:01:17.626000,-106752 days +01:00:14.212224192
RUS,37.0,8.0,HARD,2.0,0 days 00:01:17.619000,-106752 days +01:01:31.831224192
RUS,38.0,8.0,HARD,2.0,0 days 00:01:18.020000,-106752 days +01:02:49.851224192
RUS,39.0,8.0,HARD,2.0,0 days 00:01:17.436000,-106752 days +01:04:07.287224192
RUS,40.0,8.0,HARD,2.0,0 days 00:01:17.645000,-106752 days +01:05:24.932224192
RUS,41.0,8.0,HARD,2.0,0 days 00:01:17.818000,-106752 days +01:06:42.750224192
RUS,42.0,8.0,HARD,2.0,0 days 00:01:17.676000,-106752 days +01:08:00.426224192
RUS,43.0,8.0,HARD,2.0,0 days 00:01:17.393000,-106752 days +01:09:17.819224192
RUS,44.0,8.0,HARD,2.0,0 days 00:01:17.097000,-106752 days +01:10:34.916224192
RUS,45.0,8.0,HARD,2.0,0 days 00:01:17.114000,-106752 days +01:11:52.030224192
RUS,46.0,8.0,HARD,2.0,0 days 00:01:17.387000,-106752 days +01:13:09.417224192
RUS,47.0,8.0,HARD,2.0,0 days 00:01:17.358000,-106752 days +01:14:26.775224192
RUS,48.0,8.0,HARD,2.0,0 days 00:01:17.711000,-106752 days +01:15:44.486224192
RUS,49.0,8.0,HARD,2.0,0 days 00:01:17.886000,-106752 days +01:17:02.372224192
RUS,50.0,8.0,HARD,2.0,0 days 00:01:17.630000,-106752 days +01:18:20.002224192
RUS,51.0,8.0,HARD,2.0,0 days 00:01:17.337000,-106752 days +01:19:37.339224192
RUS,52.0,8.0,HARD,2.0,0 days 00:01:17.582000,-106752 days +01:20:54.921224192
RUS,53.0,8.0,HARD,2.0,0 days 00:01:17.576000,-106752 days +01:22:12.497224192
RUS,54.0,8.0,HARD,2.0,,
SAR,1.0,18.0,MEDIUM,1.0,0 days 00:01:33.033000,0 days 00:01:33.033000
SAR,2.0,18.0,MEDIUM,1.0,0 days 00:01:20.814000,0 days 00:02:53.847000
SAR,3.0,18.0,MEDIUM,1.0,0 days 00:01:19.105000,0 days 00:04:12.952000
SAR,4.0,18.0,MEDIUM,1.0,0 days 00:01:18.437000,0 days 00:05:31.389000
SAR,5.0,18.0,MEDIUM,1.0,0 days 00:01:19.517000,0 days 00:06:50.906000
SAR,6.0,18.0,MEDIUM,1.0,0 days 00:01:19.166000,0 days 00:08:10.072000
SAR,7.0,18.0,MEDIUM,1.0,,
