Date,SessionTime,DriverAhead,DistanceToDriverAhead,Time,RPM,Speed,nGear,Throttle,Brake,DRS,Source,RelativeDistance,Status,X,Y,Z,Distance,G_lon,G_lat,TimeSeconds
2023-06-30 16:04:32.088,0 days 01:19:11.603000,,1338.7008333333338,0 days 00:00:00,10866,295,7,100,False,12,interpolation,-2.534015963552996e-06,OnTrack,1035,-1223,7213,0.0,0.0,-0.5,0.0
2023-06-30 16:04:32.226,0 days 01:19:11.741000,,1338.7008333333338,0 days 00:00:00.138000,10564,295,7,100,False,12,car,0.002627222660379489,OnTrack,896,-1263,7214,11.308333333333334,0.22,-0.38,0.138
2023-06-30 16:04:32.467,0 days 01:19:11.982000,,1338.7008333333338,0 days 00:00:00.379000,10634,298,7,100,False,12,pos,0.007290334068445649,OnTrack,723,-1310,7214,31.257777777777775,0.42,-0.14,0.379
2023-06-30 16:04:32.626,0 days 01:19:12.141000,44,1338.7008333333338,0 days 00:00:00.538000,10704,301,8,100,False,12,car,0.010397244972088911,OnTrack,658,-1327,7213,44.551944444444445,0.41,-0.1,0.538
2023-06-30 16:04:32.747,0 days 01:19:12.262000,44,1333.3008333333337,0 days 00:00:00.659000,10741,302,8,100,False,12,pos,0.012770262698758906,OnTrack,602,-1343,7214,54.7025,0.42,-0.07,0.659
2023-06-30 16:04:32.786,0 days 01:19:12.301000,44,1327.9008333333336,0 days 00:00:00.698000,10779,304,8,100,False,12,car,0.013536230729909062,OnTrack,577,-1349,7214,57.99583333333333,0.35,-0.04,0.698
2023-06-30 16:04:32.927,0 days 01:19:12.442000,44,1322.5230555555559,0 days 00:00:00.839000,10819,304,8,100,False,12,pos,0.016310457573631785,OnTrack,463,-1380,7214,69.9025,0.3,0.03,0.839
2023-06-30 16:04:32.946,0 days 01:19:12.461000,44,1317.1452777777781,0 days 00:00:00.858000,10859,305,8,100,False,12,car,0.016685542098774674,OnTrack,443,-1385,7214,71.51222222222222,0.33,0.07,0.858
2023-06-30 16:04:33.226,0 days 01:19:12.741000,44,1298.3230555555558,0 days 00:00:01.138000,10984,308,8,100,False,12,car,0.022251046452278163,OnTrack,101,-1477,7214,95.46777777777777,0.34,0.09,1.138
2023-06-30 16:04:33.267,0 days 01:19:12.782000,44,1292.9675000000007,0 days 00:00:01.179000,10981,309,8,100,False,12,pos,0.023069804579993736,OnTrack,67,-1487,7214,98.98694444444445,0.31,0.08,1.179
2023-06-30 16:04:33.386,0 days 01:19:12.901000,44,1287.6119444444453,0 days 00:00:01.298000,10979,310,8,100,False,12,car,0.025451985876371083,OnTrack,7,-1503,7213,109.23416666666667,0.26,-0.01,1.298
2023-06-30 16:04:33.567,0 days 01:19:13.082000,44,1277.078611111112,0 days 00:00:01.479000,11024,311,8,100,False,12,pos,0.029099834274083653,OnTrack,-73,-1526,7214,124.87055555555555,0.26,-0.06,1.479
2023-06-30 16:04:33.706,0 days 01:19:13.221000,44,1266.5452777777784,0 days 00:00:01.618000,11070,313,8,100,False,12,car,0.03191581839082969,OnTrack,-242,-1571,7215,136.95583333333335,0.27,-0.08,1.618
2023-06-30 16:04:33.847,0 days 01:19:13.362000,44,1260.0175000000004,0 days 00:00:01.759000,11122,314,8,100,False,12,pos,0.034780877874974844,OnTrack,-418,-1619,7217,149.25416666666666,0.26,-0.07,1.759
2023-06-30 16:04:33.906,0 days 01:19:13.421000,44,1253.4897222222226,0 days 00:00:01.818000,11175,315,8,100,False,12,car,0.035981527739979965,OnTrack,-464,-1631,7217,154.41666666666669,0.22,-0.03,1.818
2023-06-30 16:04:34.146,0 days 01:19:13.661000,44,1238.1563888888895,0 days 00:00:02.058000,11226,316,8,100,False,12,car,0.04087586737552848,OnTrack,-554,-1655,7218,175.48333333333332,0.2,0.01,2.058
2023-06-30 16:04:34.207,0 days 01:19:13.722000,44,1229.2897222222227,0 days 00:00:02.119000,11259,317,8,100,False,12,pos,0.042124077025209615,OnTrack,-605,-1669,7220,180.85472222222225,0.2,0.04,2.119
2023-06-30 16:04:34.426,0 days 01:19:13.941000,44,1220.4230555555562,0 days 00:00:02.338000,11292,318,8,100,False,12,car,0.04662206992232754,OnTrack,-900,-1748,7226,200.19972222222225,0.21,0.06,2.338
2023-06-30 16:04:34.467,0 days 01:19:13.982000,44,1212.989722222223,0 days 00:00:02.379000,11295,319,8,100,False,12,pos,0.04746733891005734,OnTrack,-946,-1761,7227,203.8327777777778,0.17,0.09,2.379
2023-06-30 16:04:34.666,0 days 01:19:14.181000,44,1205.5563888888898,0 days 00:00:02.578000,11299,320,8,100,False,12,car,0.051578363224148834,OnTrack,-1058,-1791,7229,221.52166666666668,0.1,0.12,2.578
2023-06-30 16:04:34.847,0 days 01:19:14.362000,44,1198.2897222222227,0 days 00:00:02.759000,11319,320,8,100,False,12,pos,0.05531377914750744,OnTrack,-1152,-1817,7234,237.61055555555558,0.07,0.13,2.759
2023-06-30 16:04:34.906,0 days 01:19:14.421000,44,1191.0230555555559,0 days 00:00:02.818000,11339,320,8,100,False,12,car,0.056534656525970124,OnTrack,-1209,-1832,7236,242.85500000000005,0.12,0.09,2.818
2023-06-30 16:04:35.148,0 days 01:19:14.663000,44,1179.2158333333339,0 days 00:00:03.060000,11368,321,8,100,False,12,pos,0.06157110756445165,OnTrack,-1503,-1915,7250,264.4333333333334,0.16,0.04,3.06
2023-06-30 16:04:35.307,0 days 01:19:14.822000,44,1167.408611111112,0 days 00:00:03.219000,11397,323,8,100,False,12,car,0.06489343227247793,OnTrack,-1616,-1946,7255,278.6991666666667,0.16,-0.0,3.219
2023-06-30 16:04:35.487,0 days 01:19:15.002000,44,1160.5419444444453,0 days 00:00:03.399000,11438,323,8,100,False,12,pos,0.06865800290460947,OnTrack,-1720,-1975,7261,294.84916666666675,0.14,-0.05,3.399
2023-06-30 16:04:35.547,0 days 01:19:15.062000,44,1153.6752777777788,0 days 00:00:03.459000,11479,324,8,100,False,12,car,0.06991167924057198,OnTrack,-1766,-1988,7263,300.2491666666667,0.09,-0.14,3.459
2023-06-30 16:04:35.727,0 days 01:19:15.242000,44,1148.0641666666675,0 days 00:00:03.639000,11473,324,8,100,False,12,pos,0.07367303009886113,OnTrack,-1927,-2033,7275,316.4491666666667,0.04,-0.2,3.639
2023-06-30 16:04:35.747,0 days 01:19:15.262000,44,1142.4530555555561,0 days 00:00:03.659000,11467,324,8,100,False,12,car,0.0740935517139837,OnTrack,-1944,-2037,7276,318.2491666666667,-0.27,-0.14,3.659
2023-06-30 16:04:35.887,0 days 01:19:15.402000,44,1138.0308333333337,0 days 00:00:03.799000,11485,324,8,50,False,12,pos,0.07703264162065557,OnTrack,-2066,-2070,7285,330.84916666666675,-1.6,-0.02,3.799
2023-06-30 16:04:35.907,0 days 01:19:15.422000,44,1133.6086111111115,0 days 00:00:03.819000,11504,324,8,0,True,8,car,0.07743904969271308,OnTrack,-2082,-2074,7286,332.64916666666676,-3.29,-0.06,3.819
2023-06-30 16:04:36.147,0 days 01:19:15.662000,44,1123.1419444444452,0 days 00:00:04.059000,11224,289,8,0,True,8,pos,0.08191520208092044,OnTrack,-2273,-2127,7300,351.91583333333347,-3.99,-0.15,4.059
2023-06-30 16:04:36.367,0 days 01:19:15.882000,44,1118.4197222222233,0 days 00:00:04.279000,10678,259,8,0,True,8,pos,0.08532870084600996,OnTrack,-2420,-2167,7312,367.74361111111125,-4.42,-0.28,4.279
2023-06-30 16:04:36.547,0 days 01:19:16.062000,44,1113.6975000000011,0 days 00:00:04.459000,10133,229,7,0,True,8,car,0.08782661440444688,OnTrack,-2504,-2188,7318,379.19361111111124,-4.78,-0.55,4.459
2023-06-30 16:04:36.567,0 days 01:19:16.082000,44,1112.2808333333342,0 days 00:00:04.479000,9896,215,7,0,True,8,pos,0.08809718391063309,OnTrack,-2514,-2191,7319,380.3880555555557,-4.16,-1.07,4.479
2023-06-30 16:04:36.747,0 days 01:19:16.262000,44,1110.8641666666672,0 days 00:00:04.659000,9659,202,7,0,True,8,car,0.09043383119342578,OnTrack,-2609,-2214,7328,390.48805555555566,-3.56,-1.68,4.659
2023-06-30 16:04:36.827,0 days 01:19:16.342000,44,1111.1086111111117,0 days 00:00:04.739000,9602,188,7,0,True,8,pos,0.09137197972138558,OnTrack,-2649,-2223,7332,394.66583333333347,-3.09,-2.07,4.739
2023-06-30 16:04:36.927,0 days 01:19:16.442000,44,1111.353055555556,0 days 00:00:04.839000,9545,175,7,0,True,8,pos,0.0924490288937348,OnTrack,-2693,-2231,7335,399.5269444444446,-2.29,-2.08,4.839
2023-06-30 16:04:37.187,0 days 01:19:16.702000,44,1111.5975000000005,0 days 00:00:05.099000,9488,162,4,0,True,8,car,0.09503389091417867,OnTrack,-2812,-2243,7346,411.2269444444446,-1.57,-2.08,5.099
2023-06-30 16:04:37.207,0 days 01:19:16.722000,44,1112.019722222223,0 days 00:00:05.119000,9318,160,4,0,True,8,pos,0.09523486621506622,OnTrack,-2823,-2244,7347,412.11583333333346,-0.96,-2.56,5.119
2023-06-30 16:04:37.407,0 days 01:19:16.922000,44,1112.4419444444452,0 days 00:00:05.319000,9149,158,4,0,True,8,pos,0.0972514774537022,OnTrack,-2941,-2238,7357,420.8936111111112,-0.73,-3.05,5.319
2023-06-30 16:04:37.427,0 days 01:19:16.942000,44,1112.8641666666676,0 days 00:00:05.339000,8980,156,4,1,True,8,car,0.09745008389881656,OnTrack,-2950,-2237,7357,421.7602777777779,-0.82,-3.12,5.339
2023-06-30 16:04:37.587,0 days 01:19:17.102000,44,1114.2863888888899,0 days 00:00:05.499000,8881,151,4,5,True,8,car,0.09900925116668116,OnTrack,-3011,-2228,7364,428.47138888888895,-0.78,-2.82,5.499
2023-06-30 16:04:37.787,0 days 01:19:17.302000,44,1116.7308333333337,0 days 00:00:05.699000,8880,146,4,12,False,8,car,0.1008936751824778,OnTrack,-3063,-2210,7370,436.5825000000001,-0.67,-2.9,5.699
2023-06-30 16:04:37.847,0 days 01:19:17.362000,44,1117.9086111111117,0 days 00:00:05.759000,8829,145,4,15,False,8,pos,0.10145125201242974,OnTrack,-3083,-2202,7372,438.9991666666668,-0.49,-3.93,5.759
2023-06-30 16:04:37.927,0 days 01:19:17.442000,44,1119.0863888888896,0 days 00:00:05.839000,8778,144,4,18,False,8,pos,0.10219041324851506,OnTrack,-3112,-2189,7374,442.19916666666677,-0.33,-4.23,5.839
2023-06-30 16:04:38.027,0 days 01:19:17.542000,44,1120.2641666666675,0 days 00:00:05.939000,8728,143,4,21,False,8,car,0.1031085187517292,OnTrack,-3145,-2171,7375,446.171388888889,-0.17,-3.48,5.939
2023-06-30 16:04:38.127,0 days 01:19:17.642000,44,1123.1975000000007,0 days 00:00:06.039000,8872,142,4,34,False,8,pos,0.10402052677784455,OnTrack,-3179,-2149,7377,450.11583333333346,0.07,-2.81,6.039
2023-06-30 16:04:38.347,0 days 01:19:17.862000,44,1126.1308333333338,0 days 00:00:06.259000,9016,142,4,47,False,8,car,0.10604099228864013,OnTrack,-3259,-2078,7381,458.79361111111126,0.35,-2.45,6.259
2023-06-30 16:04:38.447,0 days 01:19:17.962000,44,1129.0106944444456,0 days 00:00:06.359000,9147,146,4,65,False,8,pos,0.10699174857767377,OnTrack,-3290,-2046,7383,462.8491666666668,0.61,-2.31,6.359
2023-06-30 16:04:38.666,0 days 01:19:18.181000,44,1131.890555555557,0 days 00:00:06.578000,9279,151,4,83,False,8,car,0.1091495820289452,OnTrack,-3330,-1984,7386,472.03500000000014,0.79,-2.18,6.578
2023-06-30 16:04:38.847,0 days 01:19:18.362000,44,1133.6405555555566,0 days 00:00:06.759000,9508,155,4,91,False,8,pos,0.11100542908144287,OnTrack,-3360,-1927,7389,479.8280555555557,0.96,-1.81,6.759
2023-06-30 16:04:38.866,0 days 01:19:18.381000,44,1135.3905555555564,0 days 00:00:06.778000,9737,159,4,100,False,8,car,0.11120179722423058,OnTrack,-3363,-1919,7389,480.66722222222234,1.45,-0.95,6.778
2023-06-30 16:04:38.907,0 days 01:19:18.422000,44,1137.918333333334,0 days 00:00:06.819000,10019,161,4,100,False,8,pos,0.11162591975372962,OnTrack,-3373,-1903,7390,482.50083333333345,1.03,0.03,6.819
2023-06-30 16:04:39.146,0 days 01:19:18.661000,44,1140.4461111111118,0 days 00:00:07.058000,10301,164,4,100,False,8,car,0.1141652475942779,OnTrack,-3450,-1757,7394,493.38861111111123,1.19,0.36,7.058
2023-06-30 16:04:39.287,0 days 01:19:18.802000,44,1142.668333333334,0 days 00:00:07.199000,10836,175,4,100,False,8,pos,0.11581009473106747,OnTrack,-3492,-1682,7397,500.2427777777779,1.38,0.64,7.199
2023-06-30 16:04:39.466,0 days 01:19:18.981000,44,1144.890555555556,0 days 00:00:07.378000,11372,186,4,100,False,8,car,0.11800637490318941,OnTrack,-3520,-1634,7398,509.49111111111125,1.36,0.95,7.378
2023-06-30 16:04:39.627,0 days 01:19:19.142000,44,1146.1961111111118,0 days 00:00:07.539000,11571,189,4,100,False,8,pos,0.12000795261239391,OnTrack,-3547,-1596,7399,517.9436111111112,1.13,1.01,7.539
2023-06-30 16:04:39.666,0 days 01:19:19.181000,44,1147.501666666668,0 days 00:00:07.578000,11771,193,4,100,False,8,car,0.12049742856790689,OnTrack,-3556,-1581,7399,520.0344444444446,1.01,0.62,7.578
2023-06-30 16:04:39.826,0 days 01:19:19.341000,44,1149.5016666666677,0 days 00:00:07.738000,11911,197,4,100,False,8,car,0.12253157394386273,OnTrack,-3609,-1505,7400,528.7900000000002,0.99,0.22,7.738
2023-06-30 16:04:39.927,0 days 01:19:19.442000,44,1150.4350000000009,0 days 00:00:07.839000,11351,200,4,100,False,8,pos,0.12385088153656149,OnTrack,-3647,-1451,7401,534.4011111111113,1.01,-0.01,7.839
2023-06-30 16:04:39.986,0 days 01:19:19.501000,44,1151.3683333333342,0 days 00:00:07.898000,10791,204,4,100,False,8,car,0.12463799859713676,OnTrack,-3669,-1417,7401,537.7444444444445,0.98,-0.12,7.898
2023-06-30 16:04:40.207,0 days 01:19:19.722000,44,1152.8072222222231,0 days 00:00:08.119000,10958,209,4,100,False,8,pos,0.12768852401559413,OnTrack,-3756,-1293,7402,550.5747222222224,0.89,-0.19,8.119
2023-06-30 16:04:40.266,0 days 01:19:19.781000,44,1154.246111111112,0 days 00:00:08.178000,11125,214,5,100,False,10,car,0.12850493993366194,OnTrack,-3776,-1262,7402,554.0819444444446,0.78,-0.24,8.178
2023-06-30 16:04:40.426,0 days 01:19:19.941000,44,1155.9794444444453,0 days 00:00:08.338000,11265,214,5,100,False,14,car,0.13071462069739057,OnTrack,-3828,-1183,7402,563.5930555555557,0.74,-0.25,8.338
2023-06-30 16:04:40.427,0 days 01:19:19.942000,44,1156.5720370370377,0 days 00:00:08.339000,11410,217,5,100,False,14,pos,0.13072871099628655,OnTrack,-3829,-1183,7403,563.6533333333335,0.87,-0.21,8.339
2023-06-30 16:04:40.587,0 days 01:19:20.102000,44,1157.16462962963,0 days 00:00:08.499000,11555,220,5,100,False,14,pos,0.13303780040507296,OnTrack,-3883,-1101,7403,573.4311111111114,0.87,-0.12,8.499
2023-06-30 16:04:40.626,0 days 01:19:20.141000,44,1157.7572222222225,0 days 00:00:08.538000,11700,224,5,100,False,14,car,0.13360579179011967,OnTrack,-3896,-1080,7402,575.857777777778,0.77,-0.01,8.538
2023-06-30 16:04:40.787,0 days 01:19:20.302000,44,1158.6738888888897,0 days 00:00:08.699000,11280,225,5,100,False,14,pos,0.13595458653344053,OnTrack,-3952,-996,7402,585.920277777778,0.81,0.08,8.699
2023-06-30 16:04:40.826,0 days 01:19:20.341000,44,1159.5905555555569,0 days 00:00:08.738000,10860,227,5,100,False,12,car,0.13653568392426924,OnTrack,-3966,-973,7401,588.3794444444446,0.93,0.07,8.738
2023-06-30 16:04:41.106,0 days 01:19:20.621000,44,1161.5350000000012,0 days 00:00:09.018000,10815,239,6,100,False,12,car,0.1408543707440333,OnTrack,-4081,-800,7399,606.9683333333336,0.84,0.04,9.018
2023-06-30 16:04:41.147,0 days 01:19:20.662000,44,1162.5350000000005,0 days 00:00:09.059000,10992,239,6,100,False,12,pos,0.14148512433898663,OnTrack,-4097,-778,7399,609.690277777778,0.65,-0.01,9.059
2023-06-30 16:04:41.346,0 days 01:19:20.861000,44,1163.5349999999999,0 days 00:00:09.258000,11169,239,6,100,False,12,car,0.1445561023038311,OnTrack,-4162,-678,7398,622.9016666666669,0.84,-0.04,9.258
2023-06-30 16:04:41.428,0 days 01:19:20.943000,44,1164.3850000000002,0 days 00:00:09.340000,11321,247,6,100,False,12,pos,0.1458713413448244,OnTrack,-4194,-631,7398,628.527777777778,1.04,-0.04,9.34
2023-06-30 16:04:41.706,0 days 01:19:21.221000,44,1165.2350000000008,0 days 00:00:09.618000,11473,256,6,100,False,12,car,0.15050365426601667,OnTrack,-4325,-432,7396,648.296666666667,1.01,-0.04,9.618
2023-06-30 16:04:41.708,0 days 01:19:21.223000,44,1165.7370833333334,0 days 00:00:09.620000,11143,258,6,100,False,12,pos,0.15053718469148564,OnTrack,-4326,-431,7396,648.4400000000002,0.73,-0.05,9.62
2023-06-30 16:04:41.947,0 days 01:19:21.462000,44,1166.2391666666663,0 days 00:00:09.859000,10814,261,6,100,False,12,car,0.15456297464333255,OnTrack,-4406,-309,7395,665.7675000000003,0.63,-0.03,9.859
2023-06-30 16:04:42.107,0 days 01:19:21.622000,44,1166.6836111111115,0 days 00:00:10.019000,10791,265,6,100,False,12,pos,0.15732148665359683,OnTrack,-4458,-231,7396,677.5452777777781,0.66,-0.01,10.019
2023-06-30 16:04:42.267,0 days 01:19:21.782000,44,1167.128055555557,0 days 00:00:10.179000,10768,269,7,100,False,12,car,0.1601181533857906,OnTrack,-4521,-133,7395,689.5008333333336,0.73,0.03,10.179
2023-06-30 16:04:42.287,0 days 01:19:21.802000,44,1167.350277777779,0 days 00:00:10.199000,10827,271,7,100,False,12,pos,0.1604689425103541,OnTrack,-4531,-119,7396,691.0063888888891,0.6,0.01,10.199
2023-06-30 16:04:42.467,0 days 01:19:21.982000,44,1167.5725000000007,0 days 00:00:10.379000,10886,273,7,100,False,12,car,0.16364176815505416,OnTrack,-4639,45,7397,704.6563888888891,0.48,-0.12,10.379
2023-06-30 16:04:42.567,0 days 01:19:22.082000,44,1167.772500000001,0 days 00:00:10.479000,10960,275,7,100,False,12,pos,0.16542278796476823,OnTrack,-4689,121,7399,712.295277777778,0.41,-0.32,10.479
2023-06-30 16:04:42.707,0 days 01:19:22.222000,44,1167.9725000000012,0 days 00:00:10.619000,11034,277,7,100,False,12,car,0.16793205954444324,OnTrack,-4725,175,7399,723.0675000000002,0.39,-0.53,10.619
2023-06-30 16:04:42.847,0 days 01:19:22.362000,44,1168.1058333333344,0 days 00:00:10.759000,11056,278,7,100,False,12,pos,0.17045079224903434,OnTrack,-4760,231,7401,733.8786111111114,0.45,-0.65,10.759
2023-06-30 16:04:42.867,0 days 01:19:22.382000,44,1168.2391666666676,0 days 00:00:10.779000,11078,279,7,100,False,12,car,0.17081290502612684,OnTrack,-4767,243,7401,735.4286111111113,0.57,-0.58,10.779
2023-06-30 16:04:43.027,0 days 01:19:22.542000,44,1168.3725000000006,0 days 00:00:10.939000,11277,283,7,100,False,12,car,0.17373505295199232,OnTrack,-4858,389,7404,748.0063888888891,0.56,-0.67,10.939
2023-06-30 16:04:43.187,0 days 01:19:22.702000,44,1168.272500000001,0 days 00:00:11.099000,11321,285,7,100,False,12,pos,0.17669242691128917,OnTrack,-4957,550,7408,760.6730555555557,0.49,-0.82,11.099
2023-06-30 16:04:43.267,0 days 01:19:22.782000,44,1168.1725000000015,0 days 00:00:11.179000,11365,287,7,100,False,12,car,0.17818022850706328,OnTrack,-4996,617,7409,767.0508333333335,0.44,-0.92,11.179
2023-06-30 16:04:43.507,0 days 01:19:23.022000,44,1167.5058333333332,0 days 00:00:11.419000,11461,290,7,100,False,12,car,0.18267186931183885,OnTrack,-5084,779,7414,786.3841666666668,0.39,-0.87,11.419
2023-06-30 16:04:43.547,0 days 01:19:23.062000,44,1166.7725,0 days 00:00:11.459000,11404,291,7,100,False,12,pos,0.18342480748257614,OnTrack,-5097,803,7415,789.6175000000001,0.32,-0.62,11.459
2023-06-30 16:04:43.747,0 days 01:19:23.262000,44,1166.0391666666671,0 days 00:00:11.659000,11348,293,7,100,False,12,car,0.18720997536631895,OnTrack,-5153,911,7418,805.8952777777779,0.25,-0.34,11.659
2023-06-30 16:04:43.927,0 days 01:19:23.442000,44,1164.1280555555559,0 days 00:00:11.839000,11104,294,7,100,False,12,pos,0.19065044549773186,OnTrack,-5202,1006,7421,820.5952777777778,0.26,-0.22,11.839
2023-06-30 16:04:44.207,0 days 01:19:23.722000,44,1162.2169444444446,0 days 00:00:12.119000,10861,296,7,100,False,12,pos,0.1960537003017291,OnTrack,-5303,1204,7427,843.6175,0.31,-0.2,12.119
2023-06-30 16:04:44.227,0 days 01:19:23.742000,44,1160.3058333333333,0 days 00:00:12.139000,10618,298,8,100,False,12,car,0.19644107164096108,OnTrack,-5314,1226,7427,845.2730555555555,0.39,-0.27,12.139
2023-06-30 16:04:44.387,0 days 01:19:23.902000,44,1158.6947222222227,0 days 00:00:12.299000,10720,299,8,100,False,12,pos,0.1995470320949634,OnTrack,-5415,1427,7432,858.5619444444444,0.36,-0.29,12.299
2023-06-30 16:04:44.427,0 days 01:19:23.942000,44,1157.083611111112,0 days 00:00:12.339000,10823,301,8,100,False,12,car,0.2003260827968158,OnTrack,-5433,1463,7432,861.906388888889,0.3,-0.24,12.339
2023-06-30 16:04:44.727,0 days 01:19:24.242000,44,1152.7836111111117,0 days 00:00:12.639000,10830,302,8,100,False,12,pos,0.20620554226182713,OnTrack,-5500,1601,7437,887.0730555555556,0.33,-0.21,12.639
2023-06-30 16:04:44.787,0 days 01:19:24.302000,44,1148.4836111111113,0 days 00:00:12.699000,10837,304,8,100,False,12,car,0.20738880075191116,OnTrack,-5517,1636,7437,892.1397222222223,0.4,-0.2,12.699
2023-06-30 16:04:44.987,0 days 01:19:24.502000,44,1142.9280555555565,0 days 00:00:12.899000,10910,307,8,100,False,12,car,0.2113512539906068,OnTrack,-5592,1791,7441,909.1952777777778,0.4,-0.18,12.899
2023-06-30 16:04:45.047,0 days 01:19:24.562000,44,1138.222500000001,0 days 00:00:12.959000,10973,308,8,100,False,12,pos,0.21254644131411787,OnTrack,-5615,1838,7443,914.3286111111112,0.31,-0.04,12.959
2023-06-30 16:04:45.267,0 days 01:19:24.782000,44,1133.5169444444455,0 days 00:00:13.179000,11036,310,8,100,False,12,pos,0.21695289798276943,OnTrack,-5699,2017,7448,933.2730555555556,0.24,0.18,13.179
2023-06-30 16:04:45.467,0 days 01:19:24.982000,44,1127.3141666666675,0 days 00:00:13.379000,11048,311,8,100,False,12,pos,0.22098495587783676,OnTrack,-5821,2275,7456,950.5508333333333,0.19,0.35,13.379
2023-06-30 16:04:45.586,0 days 01:19:25.101000,44,1121.1113888888897,0 days 00:00:13.498000,11061,313,8,100,False,12,car,0.22339653102062035,OnTrack,-5886,2414,7460,960.8972222222222,0.17,0.43,13.498
2023-06-30 16:04:46.607,0 days 01:19:26.122000,44,1093.2336111111117,0 days 00:00:14.519000,11195,316,8,100,False,12,pos,0.24441334051456604,OnTrack,-6213,3056,7500,1050.5183333333334,0.19,0.68,14.519
2023-06-30 16:04:46.626,0 days 01:19:26.141000,44,1065.3558333333337,0 days 00:00:14.538000,11330,319,8,100,False,12,car,0.24480668552338378,OnTrack,-6221,3069,7500,1052.2019444444445,0.33,1.73,14.538
2023-06-30 16:04:46.826,0 days 01:19:26.341000,44,1054.1336111111123,0 days 00:00:14.738000,11383,321,8,100,False,12,car,0.24894983695537498,OnTrack,-6317,3221,7512,1070.0352777777778,0.28,2.36,14.738
2023-06-30 16:04:46.847,0 days 01:19:26.362000,44,1045.9280555555565,0 days 00:00:14.759000,11403,321,8,100,False,12,pos,0.24938544711386237,OnTrack,-6328,3238,7514,1071.907777777778,0.17,2.06,14.759
2023-06-30 16:04:47.106,0 days 01:19:26.621000,44,1037.722500000001,0 days 00:00:15.018000,11423,322,8,100,False,12,car,0.2547683187794923,OnTrack,-6467,3443,7533,1095.073888888889,0.11,1.76,15.018
2023-06-30 16:04:47.107,0 days 01:19:26.622000,44,1027.9891666666676,0 days 00:00:15.019000,11441,322,8,100,False,12,pos,0.25478913986307883,OnTrack,-6468,3444,7534,1095.1633333333334,0.09,1.76,15.019
2023-06-30 16:04:47.426,0 days 01:19:26.941000,44,1018.2558333333341,0 days 00:00:15.338000,11459,323,8,100,False,12,car,0.26143866351486006,OnTrack,-6631,3655,7557,1123.7847222222222,0.07,1.97,15.338
2023-06-30 16:04:47.447,0 days 01:19:26.962000,44,1013.3225000000006,0 days 00:00:15.359000,11484,323,8,100,False,12,pos,0.2618764802606986,OnTrack,-6643,3669,7559,1125.668888888889,0.03,2.25,15.359
2023-06-30 16:04:47.586,0 days 01:19:27.101000,44,1008.389166666667,0 days 00:00:15.498000,11509,323,8,100,False,12,car,0.264773835882544,OnTrack,-6722,3758,7570,1138.1402777777778,0.01,1.94,15.498
2023-06-30 16:04:47.727,0 days 01:19:27.242000,44,1003.3891666666669,0 days 00:00:15.639000,11477,323,8,100,False,12,pos,0.2677126675779668,OnTrack,-6813,3856,7583,1150.7911111111111,0.0,1.41,15.639
2023-06-30 16:04:47.746,0 days 01:19:27.261000,44,998.3891666666668,0 days 00:00:15.658000,11445,323,8,100,False,12,car,0.26810900825022793,OnTrack,-6826,3870,7584,1152.4958333333334,0.01,1.02,15.658
2023-06-30 16:04:47.887,0 days 01:19:27.402000,44,991.6336111111112,0 days 00:00:15.799000,11435,323,8,100,False,12,pos,0.27105395434730495,OnTrack,-6928,3977,7600,1165.1466666666668,0.05,0.75,15.799
2023-06-30 16:04:47.967,0 days 01:19:27.482000,44,984.8780555555558,0 days 00:00:15.879000,11426,323,8,100,False,12,pos,0.27272743715751957,OnTrack,-6978,4028,7607,1172.3244444444445,0.09,0.55,15.879
2023-06-30 16:04:48.066,0 days 01:19:27.581000,44,978.1225000000002,0 days 00:00:15.978000,11417,324,8,100,False,12,car,0.2748000042076867,OnTrack,-7040,4092,7616,1181.2344444444445,0.1,0.42,15.978
2023-06-30 16:04:48.268,0 days 01:19:27.783000,44,966.6225000000004,0 days 00:00:16.180000,11420,324,8,100,False,12,pos,0.2790343791663971,OnTrack,-7174,4227,7639,1199.4144444444446,0.1,0.41,16.18
2023-06-30 16:04:48.426,0 days 01:19:27.941000,44,955.1225000000006,0 days 00:00:16.338000,11423,325,8,100,False,12,car,0.28235060728468003,OnTrack,-7275,4327,7654,1213.6783333333335,0.06,0.45,16.338
2023-06-30 16:04:48.448,0 days 01:19:27.963000,44,948.6737500000004,0 days 00:00:16.360000,11461,325,8,100,False,12,pos,0.28281260254660456,OnTrack,-7290,4341,7657,1215.6644444444446,-0.15,0.38,16.36
2023-06-30 16:04:48.627,0 days 01:19:28.142000,44,942.2250000000001,0 days 00:00:16.539000,11500,325,8,100,False,12,car,0.2865663606693347,OnTrack,-7401,4449,7676,1231.824166666667,-0.51,0.24,16.539
2023-06-30 16:04:48.667,0 days 01:19:28.182000,44,936.4953703703707,0 days 00:00:16.579000,11266,321,8,66,False,12,pos,0.2874003423480157,OnTrack,-7426,4473,7680,1235.3908333333336,-0.93,0.17,16.579
2023-06-30 16:04:48.847,0 days 01:19:28.362000,44,930.7657407407412,0 days 00:00:16.759000,11033,317,8,33,False,12,pos,0.29108793573431574,OnTrack,-7536,4580,7697,1251.2408333333335,-1.67,0.15,16.759
2023-06-30 16:04:48.907,0 days 01:19:28.422000,44,925.0361111111117,0 days 00:00:16.819000,10800,314,8,0,True,8,car,0.29224028393881546,OnTrack,-7578,4620,7703,1256.4741666666666,-3.08,0.13,16.819
2023-06-30 16:04:49.167,0 days 01:19:28.682000,44,918.3861111111116,0 days 00:00:17.079000,10515,288,8,0,True,8,pos,0.2966850218022208,OnTrack,-7768,4802,7735,1277.2741666666668,-4.7,0.09,17.079
2023-06-30 16:04:49.187,0 days 01:19:28.702000,44,911.7361111111115,0 days 00:00:17.099000,10230,263,8,0,True,8,car,0.29699264642248896,OnTrack,-7779,4812,7736,1278.7352777777778,-5.6,0.07,17.099
2023-06-30 16:04:49.467,0 days 01:19:28.982000,44,902.402777777778,0 days 00:00:17.379000,9982,214,8,0,True,8,car,0.30085958775901417,OnTrack,-7886,4914,7753,1295.3797222222224,-5.28,0.07,17.379
2023-06-30 16:04:49.527,0 days 01:19:29.042000,44,899.8194444444446,0 days 00:00:17.439000,10047,201,8,0,True,8,pos,0.3016135818320508,OnTrack,-7910,4937,7757,1298.7297222222223,-4.05,0.11,17.439
2023-06-30 16:04:49.667,0 days 01:19:29.182000,44,897.2361111111111,0 days 00:00:17.579000,10112,188,8,0,True,8,car,0.3032861063546975,OnTrack,-7974,4998,7766,1306.0408333333335,-3.07,0.04,17.579
2023-06-30 16:04:49.787,0 days 01:19:29.302000,44,894.9027777777777,0 days 00:00:17.699000,10360,176,8,0,True,8,pos,0.3046219278427324,OnTrack,-8013,5034,7772,1311.9075000000003,-2.88,-0.2,17.699
2023-06-30 16:04:49.947,0 days 01:19:29.462000,44,892.5694444444443,0 days 00:00:17.859000,10608,164,8,0,True,8,car,0.3062495567247448,OnTrack,-8017,5037,7773,1319.1963888888893,-3.02,-0.5,17.859
2023-06-30 16:04:49.967,0 days 01:19:29.482000,44,891.9027777777778,0 days 00:00:17.879000,10665,153,8,0,True,8,pos,0.30643937168597135,OnTrack,-8020,5040,7774,1320.0463888888892,-2.81,-0.66,17.879
2023-06-30 16:04:50.127,0 days 01:19:29.642000,44,891.2361111111113,0 days 00:00:18.039000,10722,142,8,0,True,8,pos,0.3078485175709753,OnTrack,-8070,5089,7781,1326.3575000000003,-2.42,-0.93,18.039
2023-06-30 16:04:50.307,0 days 01:19:29.822000,44,890.5694444444448,0 days 00:00:18.219000,10779,131,4,0,True,8,car,0.3092930305803944,OnTrack,-8140,5161,7794,1332.9075000000003,-2.05,-1.48,18.219
2023-06-30 16:04:50.347,0 days 01:19:29.862000,44,890.513888888889,0 days 00:00:18.259000,10429,124,4,0,True,8,pos,0.3096055044498845,OnTrack,-8152,5174,7797,1334.285277777778,-1.72,-2.36,18.259
2023-06-30 16:04:50.507,0 days 01:19:30.022000,44,890.4583333333333,0 days 00:00:18.419000,10079,118,3,0,True,8,car,0.3108160582095999,OnTrack,-8177,5204,7802,1339.5297222222225,-1.33,-2.11,18.419
2023-06-30 16:04:50.667,0 days 01:19:30.182000,44,891.0361111111108,0 days 00:00:18.579000,9221,109,2,0,True,8,pos,0.31194154981355515,OnTrack,-8188,5225,7805,1344.374166666667,-1.11,-1.69,18.579
2023-06-30 16:04:50.947,0 days 01:19:30.462000,44,893.2916666666665,0 days 00:00:18.859000,8362,101,2,0,True,8,car,0.3137666015658404,OnTrack,-8219,5292,7814,1352.2297222222226,-1.01,-1.74,18.859
2023-06-30 16:04:51.047,0 days 01:19:30.562000,44,894.0694444444445,0 days 00:00:18.959000,8146,98,2,0,True,8,pos,0.3143811370614442,OnTrack,-8227,5318,7816,1354.9519444444447,-1.0,-3.13,18.959
2023-06-30 16:04:51.067,0 days 01:19:30.582000,44,894.8472222222225,0 days 00:00:18.979000,7930,96,2,0,True,8,pos,0.31450190216604895,OnTrack,-8228,5323,7816,1355.485277777778,-0.95,-4.19,18.979
2023-06-30 16:04:51.147,0 days 01:19:30.662000,44,895.6250000000005,0 days 00:00:19.059000,7714,94,2,0,True,8,car,0.31497986086368207,OnTrack,-8231,5342,7816,1357.574166666667,-0.8,-3.27,19.059
2023-06-30 16:04:51.307,0 days 01:19:30.822000,44,897.8027777777779,0 days 00:00:19.219000,7510,90,2,0,True,8,car,0.31590916585777357,OnTrack,-8234,5380,7820,1361.574166666667,-0.69,-2.76,19.219
2023-06-30 16:04:51.367,0 days 01:19:30.882000,44,899.2472222222225,0 days 00:00:19.279000,7313,88,2,0,True,8,pos,0.316245652902643,OnTrack,-8233,5395,7823,1363.0408333333337,-0.59,-3.03,19.279
2023-06-30 16:04:51.527,0 days 01:19:31.042000,44,900.6916666666671,0 days 00:00:19.439000,7116,86,2,0,True,8,pos,0.31711747028112874,OnTrack,-8224,5433,7830,1366.863055555556,-0.5,-3.47,19.439
2023-06-30 16:04:51.547,0 days 01:19:31.062000,44,902.1361111111116,0 days 00:00:19.459000,6920,85,2,0,False,8,car,0.31722568126606987,OnTrack,-8222,5437,7830,1367.3352777777782,-0.51,-3.45,19.459
2023-06-30 16:04:51.707,0 days 01:19:31.222000,44,904.2194444444448,0 days 00:00:19.619000,6865,83,2,0,False,8,pos,0.3180814675013552,OnTrack,-8207,5467,7833,1371.024166666667,-0.7,-2.71,19.619
2023-06-30 16:04:51.747,0 days 01:19:31.262000,44,906.3027777777779,0 days 00:00:19.659000,6810,82,2,0,False,8,car,0.3182840563982296,OnTrack,-8202,5473,7833,1371.935277777778,-0.87,-2.24,19.659
2023-06-30 16:04:51.987,0 days 01:19:31.502000,44,912.5027777777784,0 days 00:00:19.899000,6480,72,2,3,False,8,car,0.3193992223911394,OnTrack,-8168,5512,7835,1376.735277777778,-0.79,-1.8,19.899
2023-06-30 16:04:52.007,0 days 01:19:31.522000,44,914.6890277777783,0 days 00:00:19.919000,6680,72,2,6,False,8,pos,0.31949144112219946,OnTrack,-8166,5515,7836,1377.1352777777781,-0.37,-2.22,19.919
2023-06-30 16:04:52.146,0 days 01:19:31.661000,44,916.8752777777781,0 days 00:00:20.058000,6881,72,2,10,False,8,car,0.32013801986144214,OnTrack,-8145,5531,7837,1379.915277777778,-0.06,-2.13,20.058
2023-06-30 16:04:52.247,0 days 01:19:31.762000,44,919.7641666666668,0 days 00:00:20.159000,6912,72,2,12,False,8,pos,0.3206052231080105,OnTrack,-8126,5543,7838,1381.935277777778,0.09,-1.61,20.159
2023-06-30 16:04:52.346,0 days 01:19:31.861000,44,922.6530555555555,0 days 00:00:20.258000,6944,72,2,15,False,8,car,0.32106732485553363,OnTrack,-8099,5555,7839,1383.915277777778,0.2,-1.06,20.258
2023-06-30 16:04:52.507,0 days 01:19:32.022000,44,928.153055555556,0 days 00:00:20.419000,7352,74,2,23,False,8,pos,0.3218432441671524,OnTrack,-8051,5576,7841,1387.2247222222227,0.28,-0.79,20.419
2023-06-30 16:04:52.706,0 days 01:19:32.221000,44,933.6530555555564,0 days 00:00:20.618000,7760,76,2,32,False,8,car,0.3228330043443074,OnTrack,-8003,5590,7843,1391.4258333333337,0.32,-0.68,20.618
2023-06-30 16:04:52.907,0 days 01:19:32.422000,44,938.8086111111119,0 days 00:00:20.819000,7971,78,2,33,False,8,pos,0.323853566102296,OnTrack,-7970,5597,7845,1395.7808333333337,0.4,-0.61,20.819
2023-06-30 16:04:53.026,0 days 01:19:32.541000,44,943.9641666666673,0 days 00:00:20.938000,8183,80,2,34,False,8,car,0.32448510211158116,OnTrack,-7955,5599,7845,1398.425277777778,0.59,-0.46,20.938
2023-06-30 16:04:53.247,0 days 01:19:32.762000,44,948.3975000000006,0 days 00:00:21.159000,8555,84,2,46,False,8,pos,0.3257378456398946,OnTrack,-7919,5606,7846,1403.5819444444448,0.91,-0.29,21.159
2023-06-30 16:04:53.306,0 days 01:19:32.821000,44,952.8308333333339,0 days 00:00:21.218000,8927,89,2,59,False,8,car,0.3260933160319117,OnTrack,-7900,5608,7846,1405.040555555556,1.21,-0.17,21.218
2023-06-30 16:04:53.546,0 days 01:19:33.061000,44,960.0308333333346,0 days 00:00:21.458000,9344,99,2,68,False,8,car,0.32762666927216266,OnTrack,-7809,5621,7846,1411.640555555556,1.26,-0.14,21.458
2023-06-30 16:04:53.547,0 days 01:19:33.062000,44,962.9475000000009,0 days 00:00:21.459000,10044,102,2,76,False,8,pos,0.32763324258275334,OnTrack,-7809,5622,7847,1411.6688888888893,1.05,-0.15,21.459
2023-06-30 16:04:53.746,0 days 01:19:33.261000,44,965.8641666666672,0 days 00:00:21.658000,10744,105,2,85,False,8,car,0.32898190572187946,OnTrack,-7767,5627,7847,1417.4730555555561,1.2,-0.14,21.658
2023-06-30 16:04:53.927,0 days 01:19:33.442000,44,968.8975000000007,0 days 00:00:21.839000,10935,112,2,92,False,8,pos,0.3303587448431684,OnTrack,-7728,5632,7848,1423.1041666666672,1.64,-0.15,21.839
2023-06-30 16:04:53.986,0 days 01:19:33.501000,44,971.9308333333342,0 days 00:00:21.898000,11126,120,2,100,False,8,car,0.33084051571006245,OnTrack,-7708,5634,7848,1425.070833333334,2.69,-0.22,21.898
2023-06-30 16:04:54.027,0 days 01:19:33.542000,44,975.0030555555564,0 days 00:00:21.939000,10779,129,2,100,False,8,pos,0.33118463536557774,OnTrack,-7695,5636,7848,1426.5400000000006,2.03,-0.25,21.939
2023-06-30 16:04:54.266,0 days 01:19:33.781000,44,978.0752777777786,0 days 00:00:22.178000,10433,138,3,100,False,8,car,0.3333341507775413,OnTrack,-7620,5645,7847,1435.7016666666673,1.67,-0.26,22.178
2023-06-30 16:04:54.347,0 days 01:19:33.862000,44,981.0530555555563,0 days 00:00:22.259000,11025,146,3,100,False,8,pos,0.33411161349757346,OnTrack,-7579,5649,7848,1438.9866666666674,1.5,-0.26,22.259
2023-06-30 16:04:54.586,0 days 01:19:34.101000,44,984.0308333333339,0 days 00:00:22.498000,11617,155,3,100,False,8,car,0.33653509020163425,OnTrack,-7411,5662,7848,1449.2769444444452,1.36,-0.29,22.498
2023-06-30 16:04:54.588,0 days 01:19:34.103000,44,985.5604629629637,0 days 00:00:22.500000,11313,159,3,100,False,8,pos,0.3365560761542934,OnTrack,-7410,5663,7848,1449.3652777777786,1.19,-0.34,22.5
2023-06-30 16:04:54.848,0 days 01:19:34.363000,44,987.0900925925934,0 days 00:00:22.760000,11009,164,3,100,False,8,pos,0.33938489093865,OnTrack,-7334,5668,7847,1461.209722222223,1.2,-0.37,22.76
2023-06-30 16:04:54.866,0 days 01:19:34.381000,44,988.6197222222231,0 days 00:00:22.778000,10705,169,3,100,False,8,car,0.3395888896683293,OnTrack,-7325,5668,7846,1462.0547222222228,1.33,-0.36,22.778
2023-06-30 16:04:55.048,0 days 01:19:34.563000,44,990.8488888888896,0 days 00:00:22.960000,10963,176,3,100,False,8,pos,0.3417131098852509,OnTrack,-7216,5674,7845,1470.9525000000008,1.23,-0.37,22.96
2023-06-30 16:04:55.187,0 days 01:19:34.702000,44,993.0780555555561,0 days 00:00:23.099000,11222,183,4,100,False,8,car,0.3433798732286013,OnTrack,-7146,5676,7843,1478.018333333334,0.97,-0.42,23.099
2023-06-30 16:04:55.287,0 days 01:19:34.802000,44,994.7447222222231,0 days 00:00:23.199000,11452,185,4,100,False,8,pos,0.3445893631738415,OnTrack,-7100,5678,7843,1483.157222222223,0.79,-0.48,23.199
2023-06-30 16:04:55.487,0 days 01:19:35.002000,44,996.4113888888901,0 days 00:00:23.399000,11683,188,4,100,False,8,pos,0.3470533422938905,OnTrack,-6995,5680,7841,1493.6016666666674,0.96,-0.52,23.399
2023-06-30 16:04:55.547,0 days 01:19:35.062000,44,998.0780555555571,0 days 00:00:23.459000,11914,191,4,100,False,10,car,0.3478173045753882,OnTrack,-6953,5679,7840,1496.7850000000005,1.41,-0.53,23.459
2023-06-30 16:04:55.707,0 days 01:19:35.222000,44,999.8558333333347,0 days 00:00:23.619000,10934,203,4,100,False,10,car,0.34991340361761675,OnTrack,-6821,5678,7836,1505.8072222222227,1.55,-0.6,23.619
2023-06-30 16:04:55.787,0 days 01:19:35.302000,44,1000.5891666666679,0 days 00:00:23.699000,10909,206,4,100,False,10,pos,0.35098824573938997,OnTrack,-6766,5677,7835,1510.3850000000004,1.15,-0.57,23.699
2023-06-30 16:04:55.867,0 days 01:19:35.382000,44,1001.3225000000011,0 days 00:00:23.779000,10884,210,4,100,False,12,car,0.35208178193716355,OnTrack,-6722,5675,7833,1515.051666666667,0.89,-0.42,23.779
2023-06-30 16:04:56.187,0 days 01:19:35.702000,44,1001.8725000000006,0 days 00:00:24.099000,11195,215,4,100,False,12,pos,0.3566364458285029,OnTrack,-6599,5670,7829,1534.162777777778,0.86,-0.4,24.099
2023-06-30 16:04:56.227,0 days 01:19:35.742000,44,1002.4225000000001,0 days 00:00:24.139000,11506,221,5,100,False,12,car,0.357216192029519,OnTrack,-6576,5668,7828,1536.6183333333336,0.96,-0.48,24.139
2023-06-30 16:04:56.407,0 days 01:19:35.922000,44,1002.3391666666674,0 days 00:00:24.319000,11544,224,5,100,False,12,pos,0.3598483803803469,OnTrack,-6456,5661,7824,1547.8183333333336,0.98,-0.58,24.319
2023-06-30 16:04:56.427,0 days 01:19:35.942000,44,1002.2558333333347,0 days 00:00:24.339000,11583,227,5,100,False,12,car,0.36014608416366856,OnTrack,-6442,5660,7823,1549.0794444444448,1.0,-0.55,24.339
2023-06-30 16:04:56.627,0 days 01:19:36.142000,44,1001.089166666668,0 days 00:00:24.539000,11153,232,5,100,False,12,pos,0.36319180492450265,OnTrack,-6315,5649,7816,1561.968333333334,1.0,-0.49,24.539
2023-06-30 16:04:56.707,0 days 01:19:36.222000,44,999.9225000000013,0 days 00:00:24.619000,10723,237,5,100,False,12,car,0.36442863134477355,OnTrack,-6266,5644,7813,1567.2350000000006,0.94,-0.44,24.619
2023-06-30 16:04:56.807,0 days 01:19:36.322000,44,998.2225000000007,0 days 00:00:24.719000,10883,239,5,100,False,12,pos,0.3659814293400485,OnTrack,-6203,5638,7810,1573.8738888888895,0.81,-0.42,24.719
2023-06-30 16:04:56.947,0 days 01:19:36.462000,44,996.5225,0 days 00:00:24.859000,11044,242,6,100,False,12,car,0.36817682815427594,OnTrack,-6102,5627,7804,1583.2850000000005,0.76,-0.52,24.859
2023-06-30 16:04:56.987,0 days 01:19:36.502000,44,995.6039814814816,0 days 00:00:24.899000,11068,244,6,100,False,12,pos,0.36881114751751887,OnTrack,-6076,5624,7803,1585.9961111111115,0.8,-0.72,24.899
2023-06-30 16:04:57.087,0 days 01:19:36.602000,44,994.685462962963,0 days 00:00:24.999000,11092,246,6,100,False,12,pos,0.37041332024426266,OnTrack,-6015,5617,7800,1592.8294444444448,0.79,-0.69,24.999
2023-06-30 16:04:57.107,0 days 01:19:36.622000,44,993.7669444444446,0 days 00:00:25.019000,11116,248,6,100,False,12,car,0.3707375796935502,OnTrack,-6002,5615,7799,1594.2072222222225,0.78,-0.44,25.019
2023-06-30 16:04:57.407,0 days 01:19:36.922000,44,989.2169444444447,0 days 00:00:25.319000,11335,253,6,100,False,12,pos,0.37574109338199263,OnTrack,-5793,5587,7788,1615.290555555556,0.8,-0.37,25.319
2023-06-30 16:04:57.467,0 days 01:19:36.982000,44,984.6669444444449,0 days 00:00:25.379000,11555,259,6,100,False,12,car,0.37675482953029266,OnTrack,-5733,5578,7785,1619.6072222222228,0.78,-0.41,25.379
2023-06-30 16:04:57.627,0 days 01:19:37.142000,44,980.5836111111116,0 days 00:00:25.539000,11548,261,6,100,False,12,pos,0.37946319662961203,OnTrack,-5572,5553,7778,1631.2072222222228,0.6,-0.46,25.539
2023-06-30 16:04:57.747,0 days 01:19:37.262000,44,976.5002777777784,0 days 00:00:25.659000,11541,263,6,100,False,12,car,0.38150719201396605,OnTrack,-5505,5542,7775,1639.9738888888892,0.49,-0.47,25.659
2023-06-30 16:04:57.887,0 days 01:19:37.402000,44,973.3058333333336,0 days 00:00:25.799000,11401,265,6,100,False,12,pos,0.38391294903253087,OnTrack,-5449,5532,7773,1650.2794444444448,0.51,-0.43,25.799
2023-06-30 16:04:57.947,0 days 01:19:37.462000,44,970.1113888888888,0 days 00:00:25.859000,11261,267,6,100,False,12,car,0.3849533647003887,OnTrack,-5416,5526,7771,1654.729444444445,0.56,-0.32,25.859
2023-06-30 16:04:58.167,0 days 01:19:37.682000,44,965.1724999999999,0 days 00:00:26.079000,11061,270,6,100,False,12,pos,0.38882113954661385,OnTrack,-5242,5495,7764,1671.229444444445,0.66,-0.27,26.079
2023-06-30 16:04:58.227,0 days 01:19:37.742000,44,960.233611111111,0 days 00:00:26.139000,10861,273,7,100,False,12,car,0.3898864253773576,OnTrack,-5176,5482,7761,1675.779444444445,0.77,-0.29,26.139
2023-06-30 16:04:58.387,0 days 01:19:37.902000,44,954.1891666666663,0 days 00:00:26.299000,10972,277,7,100,False,12,car,0.39274661963695034,OnTrack,-4989,5446,7755,1688.0905555555562,0.76,-0.32,26.299
2023-06-30 16:04:58.407,0 days 01:19:37.922000,44,950.2447222222223,0 days 00:00:26.319000,11052,279,7,100,False,12,pos,0.3931068583310386,OnTrack,-4971,5443,7755,1689.6405555555561,0.51,-0.22,26.319
2023-06-30 16:04:58.587,0 days 01:19:38.102000,44,946.3002777777783,0 days 00:00:26.499000,11133,281,7,100,False,12,car,0.39637349051666854,OnTrack,-4856,5419,7751,1703.690555555556,0.38,-0.09,26.499
2023-06-30 16:04:58.807,0 days 01:19:38.322000,44,941.3211111111117,0 days 00:00:26.719000,11226,282,7,100,False,12,pos,0.4004024620343948,OnTrack,-4757,5399,7748,1720.9238888888897,0.38,0.01,26.719
2023-06-30 16:04:58.826,0 days 01:19:38.341000,44,936.3419444444451,0 days 00:00:26.738000,11320,284,7,100,False,12,car,0.40075387286242925,OnTrack,-4744,5396,7747,1722.4227777777785,0.49,0.02,26.738
2023-06-30 16:04:59.067,0 days 01:19:38.582000,44,928.2919444444449,0 days 00:00:26.979000,11416,287,7,100,False,12,pos,0.4052670436910666,OnTrack,-4554,5359,7743,1741.635833333334,0.59,0.0,26.979
2023-06-30 16:04:59.186,0 days 01:19:38.701000,44,920.2419444444447,0 days 00:00:27.098000,11512,291,7,100,False,12,car,0.4075145666944448,OnTrack,-4459,5339,7741,1751.2550000000006,0.59,0.01,27.098
2023-06-30 16:04:59.227,0 days 01:19:38.742000,44,913.7475000000002,0 days 00:00:27.139000,11573,292,7,100,False,12,pos,0.4082899185677472,OnTrack,-4428,5333,7741,1754.5805555555562,0.42,0.06,27.139
2023-06-30 16:04:59.466,0 days 01:19:38.981000,44,907.2530555555556,0 days 00:00:27.378000,11634,294,7,100,False,12,car,0.41282709357733455,OnTrack,-4246,5296,7736,1774.0988888888896,0.33,0.08,27.378
2023-06-30 16:04:59.527,0 days 01:19:39.042000,44,899.608611111111,0 days 00:00:27.439000,11315,295,7,100,False,12,pos,0.41399381963214515,OnTrack,-4172,5282,7735,1779.0975000000008,0.32,0.1,27.439
2023-06-30 16:04:59.687,0 days 01:19:39.202000,44,891.9641666666664,0 days 00:00:27.599000,10997,297,7,100,False,12,pos,0.4170726969472962,OnTrack,-3930,5234,7729,1792.2975000000008,0.31,0.21,27.599
2023-06-30 16:04:59.946,0 days 01:19:39.461000,44,884.3197222222218,0 days 00:00:27.858000,10679,299,8,100,False,12,car,0.4220891666851131,OnTrack,-3817,5211,7726,1813.8088888888897,0.29,0.39,27.858
2023-06-30 16:04:59.967,0 days 01:19:39.482000,44,879.5141666666666,0 days 00:00:27.879000,10724,300,8,100,False,12,pos,0.4224965083298024,OnTrack,-3808,5210,7726,1815.5588888888897,0.27,0.64,27.879
2023-06-30 16:05:00.146,0 days 01:19:39.661000,44,874.7086111111114,0 days 00:00:28.058000,10769,301,8,100,False,12,car,0.4259741778409678,OnTrack,-3672,5185,7722,1830.5252777777785,0.26,0.73,28.058
2023-06-30 16:05:00.227,0 days 01:19:39.742000,44,869.9030555555556,0 days 00:00:28.139000,10794,302,8,100,False,12,pos,0.4275536989592721,OnTrack,-3602,5174,7721,1837.3202777777783,0.29,0.73,28.139
2023-06-30 16:05:00.346,0 days 01:19:39.861000,44,865.0974999999999,0 days 00:00:28.258000,10820,303,8,100,False,12,car,0.42988500302443616,OnTrack,-3502,5158,7718,1847.3361111111117,0.36,0.64,28.258
2023-06-30 16:05:00.387,0 days 01:19:39.902000,44,861.1863888888888,0 days 00:00:28.299000,10837,304,8,100,False,12,pos,0.4306925088202098,OnTrack,-3469,5154,7717,1850.7983333333339,0.38,0.38,28.299
2023-06-30 16:05:00.506,0 days 01:19:40.021000,44,857.2752777777778,0 days 00:00:28.418000,10854,306,8,100,False,12,car,0.4330446400043472,OnTrack,-3369,5139,7714,1860.9133333333339,0.33,0.27,28.418
2023-06-30 16:05:00.706,0 days 01:19:40.221000,44,847.5530555555563,0 days 00:00:28.618000,10906,307,8,100,False,12,car,0.4370070932430428,OnTrack,-3200,5114,7709,1877.9688888888893,0.32,0.26,28.618
2023-06-30 16:05:00.747,0 days 01:19:40.262000,44,843.6641666666674,0 days 00:00:28.659000,10949,308,8,100,False,12,pos,0.4378248704810125,OnTrack,-3166,5110,7708,1881.4766666666671,0.37,0.29,28.659
2023-06-30 16:05:00.866,0 days 01:19:40.381000,44,839.7752777777785,0 days 00:00:28.778000,10993,310,8,100,False,12,car,0.44020803266713576,OnTrack,-3064,5096,7704,1891.7238888888894,0.33,0.13,28.778
2023-06-30 16:05:00.907,0 days 01:19:40.422000,44,835.8863888888894,0 days 00:00:28.819000,11018,310,8,100,False,12,pos,0.4410302844044707,OnTrack,-3030,5092,7703,1895.254444444445,0.23,-0.01,28.819
2023-06-30 16:05:01.026,0 days 01:19:40.541000,44,831.9975000000004,0 days 00:00:28.938000,11043,311,8,100,False,12,car,0.4434192977022742,OnTrack,-2928,5078,7699,1905.5347222222226,0.17,0.1,28.938
2023-06-30 16:05:01.087,0 days 01:19:40.602000,44,827.1919444444445,0 days 00:00:28.999000,11045,311,8,100,False,12,pos,0.44464535340755607,OnTrack,-2877,5071,7698,1910.804444444445,0.18,0.34,28.999
2023-06-30 16:05:01.226,0 days 01:19:40.741000,44,822.3863888888886,0 days 00:00:29.138000,11047,312,8,100,False,12,car,0.447446286010004,OnTrack,-2762,5054,7694,1922.8511111111118,0.24,0.53,29.138
2023-06-30 16:05:01.348,0 days 01:19:40.863000,44,815.7363888888889,0 days 00:00:29.260000,11122,313,8,100,False,12,pos,0.449919573566381,OnTrack,-2636,5039,7690,1933.458333333334,0.3,0.71,29.26
2023-06-30 16:05:01.506,0 days 01:19:41.021000,44,809.0863888888891,0 days 00:00:29.418000,11197,315,8,100,False,12,car,0.4531382790988143,OnTrack,-2418,5014,7681,1947.2833333333338,0.32,0.97,29.418
2023-06-30 16:05:01.528,0 days 01:19:41.043000,44,802.5687500000003,0 days 00:00:29.440000,11229,316,8,100,False,12,pos,0.45358721706482746,OnTrack,-2393,5012,7680,1949.214444444445,0.25,1.08,29.44
2023-06-30 16:05:01.787,0 days 01:19:41.302000,44,796.0511111111114,0 days 00:00:29.699000,11261,317,8,100,False,12,car,0.4588868694431677,OnTrack,-2237,4997,7673,1972.020833333334,0.21,0.94,29.699
2023-06-30 16:05:01.867,0 days 01:19:41.382000,44,788.0011111111116,0 days 00:00:29.779000,11289,318,8,100,False,12,pos,0.4605297766607506,OnTrack,-2190,4995,7672,1979.0875000000005,0.19,0.67,29.779
2023-06-30 16:05:02.147,0 days 01:19:41.662000,44,779.9511111111119,0 days 00:00:30.059000,11317,320,8,100,False,12,pos,0.4663213093958996,OnTrack,-1942,4982,7661,2003.9763888888895,0.18,0.42,30.059
2023-06-30 16:05:02.347,0 days 01:19:41.862000,44,773.1511111111117,0 days 00:00:30.259000,11327,321,8,100,False,12,pos,0.4705309058990682,OnTrack,-1763,4976,7653,2021.8097222222227,0.0,0.28,30.259
2023-06-30 16:05:02.587,0 days 01:19:42.102000,44,766.3511111111115,0 days 00:00:30.499000,11337,322,8,100,False,12,pos,0.47552452948795676,OnTrack,-1432,4965,7637,2043.2763888888892,-0.67,0.22,30.499
2023-06-30 16:05:02.627,0 days 01:19:42.142000,44,759.5511111111114,0 days 00:00:30.539000,11348,323,8,100,False,12,car,0.47632682649895136,OnTrack,-1389,4963,7634,2046.8652777777784,-1.98,0.16,30.539
2023-06-30 16:05:03.027,0 days 01:19:42.542000,44,748.1066666666675,0 days 00:00:30.939000,9885,287,8,0,True,8,pos,0.48373545242406957,OnTrack,-1178,4958,7624,2078.754166666667,-3.04,0.09,30.939
2023-06-30 16:05:03.227,0 days 01:19:42.742000,44,747.1807407407417,0 days 00:00:31.139000,9879,265,8,0,True,8,pos,0.48678743272948755,OnTrack,-1024,4955,7616,2093.4763888888892,-4.27,0.03,31.139
2023-06-30 16:05:03.247,0 days 01:19:42.762000,44,746.2548148148159,0 days 00:00:31.159000,9873,243,8,0,True,8,pos,0.4870674022571273,OnTrack,-1011,4954,7616,2094.826388888889,-5.21,-0.05,31.159
2023-06-30 16:05:03.427,0 days 01:19:42.942000,44,745.3288888888901,0 days 00:00:31.339000,9867,222,8,0,True,8,car,0.4894661665543004,OnTrack,-897,4951,7610,2105.926388888889,-4.73,-0.31,31.339
2023-06-30 16:05:03.487,0 days 01:19:43.002000,44,746.1844444444455,0 days 00:00:31.399000,9884,202,8,0,True,8,pos,0.49021737007272415,OnTrack,-862,4951,7608,2109.293055555556,-3.83,-0.66,31.399
2023-06-30 16:05:03.707,0 days 01:19:43.222000,44,747.0400000000009,0 days 00:00:31.619000,9901,183,8,0,True,8,car,0.4927729434916094,OnTrack,-745,4948,7601,2120.4763888888892,-3.11,-1.03,31.619
2023-06-30 16:05:03.807,0 days 01:19:43.322000,44,748.9844444444454,0 days 00:00:31.719000,10368,170,8,0,True,8,pos,0.49383912663374885,OnTrack,-697,4945,7599,2125.1986111111114,-2.57,-1.49,31.719
2023-06-30 16:05:03.987,0 days 01:19:43.502000,44,750.92888888889,0 days 00:00:31.899000,10835,158,6,0,True,8,car,0.49562797494567934,OnTrack,-613,4935,7594,2133.0986111111115,-2.13,-1.99,31.899
2023-06-30 16:05:04.047,0 days 01:19:43.562000,44,752.3807407407418,0 days 00:00:31.959000,10513,152,6,0,True,8,pos,0.49619468359929336,OnTrack,-589,4931,7593,2135.631944444445,-1.75,-2.54,31.959
2023-06-30 16:05:04.207,0 days 01:19:43.722000,44,753.8325925925936,0 days 00:00:32.119000,10192,146,6,0,True,8,pos,0.4976438344479742,OnTrack,-533,4917,7589,2142.120833333334,-1.51,-2.98,32.119
2023-06-30 16:05:04.267,0 days 01:19:43.782000,44,755.2844444444454,0 days 00:00:32.179000,9871,141,3,0,True,8,car,0.49817581947114686,OnTrack,-511,4910,7587,2144.4708333333338,-1.38,-3.28,32.179
2023-06-30 16:05:04.367,0 days 01:19:43.882000,44,756.812222222223,0 days 00:00:32.279000,9586,137,3,0,True,8,pos,0.4990526837331399,OnTrack,-476,4896,7585,2148.2763888888894,-1.23,-3.14,32.279
2023-06-30 16:05:04.467,0 days 01:19:43.982000,44,758.3400000000006,0 days 00:00:32.379000,9301,134,3,0,True,8,car,0.4999053593212615,OnTrack,-440,4878,7582,2151.9986111111116,-1.08,-2.8,32.379
2023-06-30 16:05:04.567,0 days 01:19:44.082000,44,760.695555555556,0 days 00:00:32.479000,8910,128,3,0,True,8,pos,0.5007218793657591,OnTrack,-407,4860,7580,2155.5541666666672,-0.88,-2.69,32.479
2023-06-30 16:05:04.787,0 days 01:19:44.302000,44,763.0511111111114,0 days 00:00:32.699000,8520,123,3,0,True,8,car,0.502445459638445,OnTrack,-347,4819,7575,2163.0708333333337,-0.66,-3.04,32.699
2023-06-30 16:05:04.867,0 days 01:19:44.382000,44,764.0511111111111,0 days 00:00:32.779000,8407,122,3,0,True,8,pos,0.5030771395362907,OnTrack,-327,4798,7574,2165.781944444445,-0.41,-4.08,32.779
2023-06-30 16:05:04.947,0 days 01:19:44.462000,44,765.0511111111109,0 days 00:00:32.859000,8294,122,3,0,True,8,car,0.5037051841859913,OnTrack,-306,4771,7572,2168.493055555556,-0.4,-4.59,32.859
2023-06-30 16:05:05.087,0 days 01:19:44.602000,44,766.0511111111107,0 days 00:00:32.999000,8198,120,3,0,True,8,pos,0.5047748931430546,OnTrack,-276,4723,7570,2173.1597222222226,-0.58,-4.26,32.999
2023-06-30 16:05:05.107,0 days 01:19:44.622000,44,767.0511111111105,0 days 00:00:33.019000,8102,118,3,0,False,8,car,0.5049236062893557,OnTrack,-273,4717,7569,2173.815277777778,-0.71,-3.44,33.019
2023-06-30 16:05:05.327,0 days 01:19:44.842000,44,768.7233333333327,0 days 00:00:33.239000,7967,114,3,0,False,8,pos,0.5064921458588372,OnTrack,-260,4675,7567,2180.781944444445,-0.71,-2.48,33.239
2023-06-30 16:05:05.387,0 days 01:19:44.902000,44,770.3955555555549,0 days 00:00:33.299000,7832,110,3,1,False,8,car,0.5069112864156069,OnTrack,-257,4659,7566,2182.6152777777784,-0.59,-1.85,33.299
2023-06-30 16:05:05.586,0 days 01:19:45.101000,44,772.7725,0 days 00:00:33.498000,8256,108,3,37,False,8,car,0.5082982741192884,OnTrack,-247,4594,7563,2188.585277777778,-0.3,-1.82,33.498
2023-06-30 16:05:05.587,0 days 01:19:45.102000,44,773.6391666666666,0 days 00:00:33.499000,8307,108,3,40,False,8,pos,0.5083052455905507,OnTrack,-247,4594,7563,2188.6152777777784,0.13,-2.28,33.499
2023-06-30 16:05:05.746,0 days 01:19:45.261000,44,774.5058333333332,0 days 00:00:33.658000,8358,109,3,44,False,8,car,0.5094237657232437,OnTrack,-243,4544,7559,2193.429444444445,0.47,-2.34,33.658
2023-06-30 16:05:05.787,0 days 01:19:45.302000,44,775.3391666666666,0 days 00:00:33.699000,8583,112,3,48,False,8,pos,0.5097222322225622,OnTrack,-244,4532,7558,2194.7050000000004,0.6,-2.18,33.699
2023-06-30 16:05:06.027,0 days 01:19:45.542000,44,776.1725000000001,0 days 00:00:33.939000,8808,115,3,52,False,8,pos,0.5115621216922024,OnTrack,-252,4459,7552,2202.371666666667,0.69,-2.1,33.939
2023-06-30 16:05:06.106,0 days 01:19:45.621000,44,777.0058333333336,0 days 00:00:34.018000,9033,119,3,56,False,8,car,0.5121884480806659,OnTrack,-258,4434,7550,2204.983055555556,0.78,-2.11,34.018
2023-06-30 16:05:06.287,0 days 01:19:45.802000,44,777.7447222222224,0 days 00:00:34.199000,9435,123,3,70,False,8,pos,0.5136524362935307,OnTrack,-280,4376,7548,2211.1672222222223,0.86,-1.95,34.199
2023-06-30 16:05:06.386,0 days 01:19:45.901000,44,778.4836111111113,0 days 00:00:34.298000,9838,127,3,85,False,8,car,0.5144833151355196,OnTrack,-295,4342,7546,2214.6597222222226,0.88,-1.55,34.298
2023-06-30 16:05:06.507,0 days 01:19:46.022000,44,778.7502777777777,0 days 00:00:34.419000,10214,131,3,85,False,8,pos,0.5155361793224099,OnTrack,-316,4301,7545,2219.062777777778,0.87,-1.26,34.419
2023-06-30 16:05:06.707,0 days 01:19:46.222000,44,779.0169444444441,0 days 00:00:34.619000,10591,135,3,85,False,8,pos,0.5173518756209771,OnTrack,-351,4239,7540,2226.562777777778,0.93,-1.26,34.619
2023-06-30 16:05:06.746,0 days 01:19:46.261000,44,779.2836111111105,0 days 00:00:34.658000,10968,139,3,85,False,8,car,0.5177126499899876,OnTrack,-358,4226,7538,2228.0686111111117,1.11,-1.56,34.658
2023-06-30 16:05:06.867,0 days 01:19:46.382000,44,779.3058333333329,0 days 00:00:34.779000,11248,142,3,92,False,8,pos,0.5188465216185267,OnTrack,-385,4186,7536,2232.8413888888895,1.26,-1.56,34.779
2023-06-30 16:05:06.906,0 days 01:19:46.421000,44,779.3280555555552,0 days 00:00:34.818000,11528,146,3,100,False,8,car,0.5192201892026248,OnTrack,-394,4173,7535,2234.423055555556,1.36,-1.29,34.818
2023-06-30 16:05:07.047,0 days 01:19:46.562000,44,779.1613888888887,0 days 00:00:34.959000,10828,151,3,100,False,8,pos,0.5206128776218557,OnTrack,-429,4126,7532,2240.337222222223,1.57,-1.19,34.959
2023-06-30 16:05:07.146,0 days 01:19:46.661000,44,778.9947222222222,0 days 00:00:35.058000,10128,156,3,100,False,8,car,0.5216363821872627,OnTrack,-455,4092,7529,2244.627222222223,1.69,-1.15,35.058
2023-06-30 16:05:07.207,0 days 01:19:46.722000,44,778.0447222222219,0 days 00:00:35.119000,10477,165,3,100,False,8,pos,0.5222878571884968,OnTrack,-472,4071,7528,2247.423055555556,1.34,-0.98,35.119
2023-06-30 16:05:07.506,0 days 01:19:47.021000,44,777.0947222222217,0 days 00:00:35.418000,10827,174,4,100,False,8,car,0.5256788589115607,OnTrack,-561,3968,7521,2261.8747222222228,1.11,-1.07,35.418
2023-06-30 16:05:07.607,0 days 01:19:47.122000,44,776.3539814814812,0 days 00:00:35.519000,11040,178,4,100,False,8,pos,0.5268753730187007,OnTrack,-598,3931,7519,2266.8686111111115,0.97,-1.33,35.519
2023-06-30 16:05:07.788,0 days 01:19:47.303000,44,775.6132407407408,0 days 00:00:35.700000,11253,182,4,100,False,8,pos,0.5290726183651431,OnTrack,-672,3861,7515,2276.0191666666674,1.02,-1.81,35.7
2023-06-30 16:05:07.826,0 days 01:19:47.341000,44,774.8725000000004,0 days 00:00:35.738000,11467,187,4,100,False,8,car,0.5295406374425632,OnTrack,-687,3847,7514,2277.993055555556,1.08,-2.15,35.738
2023-06-30 16:05:07.988,0 days 01:19:47.503000,44,774.0391666666667,0 days 00:00:35.900000,11638,190,4,100,False,8,pos,0.5315624555086818,OnTrack,-756,3793,7510,2286.543055555556,1.07,-2.19,35.9
2023-06-30 16:05:08.026,0 days 01:19:47.541000,44,773.205833333333,0 days 00:00:35.938000,11809,194,4,100,False,8,car,0.5320445981210875,OnTrack,-774,3779,7509,2288.5908333333336,1.07,-2.12,35.938
2023-06-30 16:05:08.168,0 days 01:19:47.683000,44,772.3124999999995,0 days 00:00:36.080000,11140,197,4,100,False,8,pos,0.5338760903512344,OnTrack,-850,3726,7507,2296.361388888889,1.16,-1.97,36.08
2023-06-30 16:05:08.227,0 days 01:19:47.742000,44,771.4191666666661,0 days 00:00:36.139000,10471,201,4,100,False,8,car,0.5346518794451354,OnTrack,-884,3704,7505,2299.655555555556,1.26,-1.93,36.139
2023-06-30 16:05:08.387,0 days 01:19:47.902000,44,770.0858333333331,0 days 00:00:36.299000,10771,208,5,100,False,8,car,0.5367996065425912,OnTrack,-978,3650,7502,2308.9,1.19,-2.08,36.299
2023-06-30 16:05:08.427,0 days 01:19:47.942000,44,769.0858333333333,0 days 00:00:36.339000,10879,211,5,100,False,8,pos,0.5373452635801735,OnTrack,-999,3639,7502,2311.2444444444445,0.87,-2.23,36.339
2023-06-30 16:05:08.587,0 days 01:19:48.102000,44,768.0858333333335,0 days 00:00:36.499000,10988,214,5,100,False,8,car,0.5395617074972521,OnTrack,-1067,3603,7500,2320.755555555556,0.67,-2.48,36.499
2023-06-30 16:05:08.747,0 days 01:19:48.262000,44,766.904351851852,0 days 00:00:36.659000,11223,217,5,100,False,8,pos,0.5418341354531064,OnTrack,-1138,3572,7500,2330.4,0.6,-2.59,36.659
2023-06-30 16:05:08.927,0 days 01:19:48.442000,44,765.7228703703704,0 days 00:00:36.839000,11458,221,5,100,False,8,pos,0.544459150342559,OnTrack,-1247,3529,7499,2341.4500000000003,0.57,-2.08,36.839
2023-06-30 16:05:09.027,0 days 01:19:48.542000,44,764.5413888888888,0 days 00:00:36.939000,11693,225,5,100,False,8,car,0.5459506793316311,OnTrack,-1309,3506,7498,2347.7000000000003,0.54,-1.19,36.939
2023-06-30 16:05:10.107,0 days 01:19:49.622000,44,760.8080555555557,0 days 00:00:38.019000,11465,236,5,100,False,8,pos,0.5632259535369302,OnTrack,-1999,3394,7506,2418.5,0.62,-1.37,38.019
2023-06-30 16:05:10.147,0 days 01:19:49.662000,44,757.0747222222226,0 days 00:00:38.059000,11238,248,6,100,False,8,car,0.5638759401065514,OnTrack,-2026,3394,7506,2421.2555555555555,1.14,-3.27,38.059
2023-06-30 16:05:10.307,0 days 01:19:49.822000,44,755.9191666666666,0 days 00:00:38.219000,11238,252,6,100,False,8,car,0.5664779940900077,OnTrack,-2142,3400,7508,2432.4555555555557,1.05,-4.32,38.219
2023-06-30 16:05:10.327,0 days 01:19:49.842000,44,755.1191666666668,0 days 00:00:38.239000,11368,254,6,100,False,8,pos,0.5668053272867852,OnTrack,-2160,3402,7509,2433.866666666667,0.66,-2.66,38.239
2023-06-30 16:05:10.547,0 days 01:19:50.062000,44,754.3191666666671,0 days 00:00:38.459000,11499,256,6,100,False,8,car,0.5704430287314647,OnTrack,-2375,3424,7512,2449.511111111112,0.47,-1.35,38.459
2023-06-30 16:05:10.587,0 days 01:19:50.102000,44,753.4858333333334,0 days 00:00:38.499000,11571,258,6,100,False,8,pos,0.5711102102425033,OnTrack,-2408,3428,7513,2452.3777777777786,0.42,-0.92,38.499
2023-06-30 16:05:10.787,0 days 01:19:50.302000,44,752.6524999999997,0 days 00:00:38.699000,11643,260,6,100,False,8,car,0.5744700170391944,OnTrack,-2508,3441,7514,2466.822222222223,0.38,-0.75,38.699
2023-06-30 16:05:10.907,0 days 01:19:50.422000,44,751.5858333333329,0 days 00:00:38.819000,11065,262,6,100,False,8,pos,0.576504104550914,OnTrack,-2565,3450,7515,2475.5555555555566,0.36,-0.63,38.819
2023-06-30 16:05:11.107,0 days 01:19:50.622000,44,750.519166666666,0 days 00:00:39.019000,10488,264,6,100,False,8,car,0.5799219396711979,OnTrack,-2705,3473,7517,2490.222222222223,0.37,-0.56,39.019
2023-06-30 16:05:11.187,0 days 01:19:50.702000,44,749.9636111111113,0 days 00:00:39.099000,10557,265,6,100,False,8,pos,0.5812975672851257,OnTrack,-2768,3484,7519,2496.1111111111118,0.4,-0.53,39.099
2023-06-30 16:05:11.267,0 days 01:19:50.782000,44,749.4080555555565,0 days 00:00:39.179000,10626,267,7,100,False,8,car,0.582678877820336,OnTrack,-2830,3495,7519,2502.0444444444456,0.34,-0.33,39.179
2023-06-30 16:05:11.407,0 days 01:19:50.922000,44,748.5747222222229,0 days 00:00:39.319000,10680,268,7,100,False,8,pos,0.5851119240029814,OnTrack,-2935,3515,7521,2512.466666666668,0.32,-0.15,39.319
2023-06-30 16:05:11.567,0 days 01:19:51.082000,44,747.7413888888892,0 days 00:00:39.479000,10734,269,7,100,False,8,pos,0.5879167111920527,OnTrack,-3046,3536,7523,2524.4222222222234,0.35,0.02,39.479
2023-06-30 16:05:11.627,0 days 01:19:51.142000,44,746.9080555555556,0 days 00:00:39.539000,10789,271,7,100,False,8,car,0.5889749191553058,OnTrack,-3107,3547,7523,2528.9388888888902,0.39,0.28,39.539
2023-06-30 16:05:11.807,0 days 01:19:51.322000,44,745.5580555555562,0 days 00:00:39.719000,10865,273,7,100,False,8,pos,0.5921704775445245,OnTrack,-3321,3587,7527,2542.5888888888903,0.3,0.72,39.719
2023-06-30 16:05:11.987,0 days 01:19:51.502000,44,744.2080555555567,0 days 00:00:39.899000,10941,276,7,100,False,8,car,0.595387123614537,OnTrack,-3420,3607,7528,2556.3888888888905,0.02,1.23,39.899
2023-06-30 16:05:12.187,0 days 01:19:51.702000,44,742.8191666666671,0 days 00:00:40.099000,11044,276,7,100,False,8,car,0.598949459425221,OnTrack,-3495,3617,7530,2571.7222222222235,-0.44,1.7,40.099
2023-06-30 16:05:12.247,0 days 01:19:51.762000,44,742.597407407408,0 days 00:00:40.159000,10727,270,7,66,False,8,pos,0.5999900714343096,OnTrack,-3555,3623,7531,2576.2222222222235,-0.81,1.69,40.159
2023-06-30 16:05:12.427,0 days 01:19:51.942000,44,742.375648148149,0 days 00:00:40.339000,10410,265,7,33,False,8,pos,0.6030138939393548,OnTrack,-3797,3644,7534,2589.4722222222235,-0.72,1.89,40.339
2023-06-30 16:05:12.666,0 days 01:19:52.181000,44,742.1538888888899,0 days 00:00:40.578000,10093,260,7,0,True,8,car,0.6069866569227319,OnTrack,-3902,3646,7535,2606.733333333335,-0.57,2.46,40.578
2023-06-30 16:05:12.747,0 days 01:19:52.262000,44,742.0872222222233,0 days 00:00:40.659000,10443,260,7,0,True,8,pos,0.6083578665250725,OnTrack,-3933,3644,7535,2612.583333333335,-0.64,3.83,40.659
2023-06-30 16:05:12.826,0 days 01:19:52.341000,44,742.0205555555567,0 days 00:00:40.738000,10793,260,7,0,True,8,car,0.6096713157945517,OnTrack,-3978,3640,7534,2618.2888888888906,-1.46,3.86,40.738
2023-06-30 16:05:12.947,0 days 01:19:52.462000,44,742.6872222222225,0 days 00:00:40.859000,10583,249,7,0,True,8,pos,0.6115700958431108,OnTrack,-4064,3632,7535,2626.6580555555574,-1.96,3.83,40.859
2023-06-30 16:05:13.066,0 days 01:19:52.581000,44,743.3538888888884,0 days 00:00:40.978000,10374,239,6,0,True,8,car,0.6133730473543495,OnTrack,-4142,3617,7535,2634.558333333335,-1.9,4.32,40.978
2023-06-30 16:05:13.107,0 days 01:19:52.622000,44,743.9538888888885,0 days 00:00:41.019000,10248,236,6,0,True,8,pos,0.613994998744208,OnTrack,-4168,3612,7535,2637.246111111113,-1.22,4.66,41.019
2023-06-30 16:05:13.226,0 days 01:19:52.741000,44,744.5538888888887,0 days 00:00:41.138000,10122,234,6,0,True,8,car,0.6157892403389873,OnTrack,-4237,3595,7534,2644.981111111113,-1.0,4.51,41.138
2023-06-30 16:05:13.466,0 days 01:19:52.981000,44,747.0205555555558,0 days 00:00:41.378000,9829,225,6,4,False,8,car,0.6192741340668303,OnTrack,-4374,3541,7531,2659.981111111113,-0.91,4.88,41.378
2023-06-30 16:05:13.507,0 days 01:19:53.022000,44,747.9316666666668,0 days 00:00:41.419000,9734,223,6,4,False,8,pos,0.6198640180319144,OnTrack,-4403,3525,7530,2662.520833333335,-0.83,6.96,41.419
2023-06-30 16:05:13.626,0 days 01:19:53.141000,44,748.8427777777779,0 days 00:00:41.538000,9640,222,6,5,False,8,car,0.6215664197189226,OnTrack,-4492,3465,7526,2669.859166666668,-0.78,7.25,41.538
2023-06-30 16:05:13.667,0 days 01:19:53.182000,44,750.865,0 days 00:00:41.579000,9635,218,6,6,False,8,pos,0.6221446963490948,OnTrack,-4521,3444,7525,2672.341944444446,-0.7,5.11,41.579
2023-06-30 16:05:13.906,0 days 01:19:53.421000,44,752.8872222222221,0 days 00:00:41.818000,9631,214,6,7,False,8,car,0.6254333610554478,OnTrack,-4637,3323,7518,2686.549166666668,-0.67,4.67,41.818
2023-06-30 16:05:14.107,0 days 01:19:53.622000,44,754.9205555555557,0 days 00:00:42.019000,9445,210,6,18,False,8,pos,0.6281209046524556,OnTrack,-4692,3237,7514,2698.274166666668,-0.58,4.97,42.019
2023-06-30 16:05:14.146,0 days 01:19:53.661000,44,756.9538888888892,0 days 00:00:42.058000,9260,207,6,30,False,8,car,0.6286394632850635,OnTrack,-4700,3222,7513,2700.5166666666682,-0.36,4.89,42.058
2023-06-30 16:05:14.408,0 days 01:19:53.923000,44,760.1538888888888,0 days 00:00:42.320000,9295,206,6,54,False,8,pos,0.632120174557685,OnTrack,-4742,3124,7508,2715.5088888888904,-0.13,4.33,42.32
2023-06-30 16:05:14.506,0 days 01:19:54.021000,44,763.3538888888884,0 days 00:00:42.418000,9331,206,6,78,False,8,car,0.6334253840046347,OnTrack,-4756,3066,7505,2721.116666666668,0.08,3.99,42.418
2023-06-30 16:05:14.728,0 days 01:19:54.243000,44,765.487222222222,0 days 00:00:42.640000,9458,207,6,82,False,8,pos,0.6364023865294782,OnTrack,-4782,2904,7497,2733.881666666668,0.31,3.82,42.64
2023-06-30 16:05:14.746,0 days 01:19:54.261000,44,767.6205555555557,0 days 00:00:42.658000,9586,208,6,87,False,8,car,0.6366469746508185,OnTrack,-4782,2890,7496,2734.921666666668,0.47,2.74,42.658
2023-06-30 16:05:15.067,0 days 01:19:54.582000,44,772.881388888889,0 days 00:00:42.979000,9840,215,6,100,False,8,pos,0.641100862440209,OnTrack,-4779,2684,7481,2754.092500000001,0.49,2.43,42.979
2023-06-30 16:05:15.427,0 days 01:19:54.942000,44,775.9925000000003,0 days 00:00:43.339000,10006,218,6,100,False,8,pos,0.6462286778592629,OnTrack,-4752,2527,7466,2775.8925000000013,0.52,2.41,43.339
2023-06-30 16:05:15.467,0 days 01:19:54.982000,44,779.1036111111116,0 days 00:00:43.379000,10173,221,6,100,False,8,car,0.6468057625428263,OnTrack,-4742,2493,7462,2778.3480555555566,0.68,3.25,43.379
2023-06-30 16:05:15.627,0 days 01:19:55.142000,44,781.4147222222218,0 days 00:00:43.539000,10224,225,6,100,False,8,car,0.6491290250280551,OnTrack,-4693,2333,7448,2788.348055555557,0.72,3.92,43.539
2023-06-30 16:05:15.647,0 days 01:19:55.162000,44,782.5258333333329,0 days 00:00:43.559000,10311,226,6,100,False,8,pos,0.6494213353682935,OnTrack,-4688,2317,7447,2789.6036111111125,0.53,3.4,43.559
2023-06-30 16:05:15.787,0 days 01:19:55.302000,44,783.636944444444,0 days 00:00:43.699000,10399,228,6,100,False,8,car,0.6514832643464202,OnTrack,-4659,2236,7439,2798.4702777777793,0.5,2.46,43.699
2023-06-30 16:05:16.067,0 days 01:19:55.582000,44,785.5036111111106,0 days 00:00:43.979000,10536,231,6,100,False,8,pos,0.6557221650263904,OnTrack,-4612,2154,7432,2816.436944444446,0.55,1.91,43.979
2023-06-30 16:05:16.107,0 days 01:19:55.622000,44,787.3702777777771,0 days 00:00:44.019000,10674,235,6,100,False,8,car,0.6563363015377869,OnTrack,-4600,2133,7429,2819.048055555557,0.68,1.52,44.019
2023-06-30 16:05:16.287,0 days 01:19:55.802000,44,788.2036111111111,0 days 00:00:44.199000,10708,237,6,100,False,8,pos,0.659121689076497,OnTrack,-4535,2021,7418,2830.8980555555568,0.78,1.12,44.199
2023-06-30 16:05:16.307,0 days 01:19:55.822000,44,789.036944444445,0 days 00:00:44.219000,10743,240,6,100,False,8,car,0.6594339848514252,OnTrack,-4526,2007,7416,2832.2313888888903,0.79,0.73,44.219
2023-06-30 16:05:16.427,0 days 01:19:55.942000,44,789.4147222222227,0 days 00:00:44.339000,10846,242,6,100,False,8,pos,0.661320494235592,OnTrack,-4476,1926,7409,2840.298055555557,0.63,0.34,44.339
2023-06-30 16:05:16.467,0 days 01:19:55.982000,44,789.7925000000005,0 days 00:00:44.379000,10950,244,6,100,False,8,car,0.6619534339465177,OnTrack,-4460,1900,7406,2843.009166666668,0.51,0.13,44.379
2023-06-30 16:05:16.707,0 days 01:19:56.222000,44,789.5591666666671,0 days 00:00:44.619000,11105,246,6,100,False,8,pos,0.6657892687563338,OnTrack,-4375,1763,7391,2859.409166666668,0.52,0.08,44.619
2023-06-30 16:05:16.747,0 days 01:19:56.262000,44,789.3258333333338,0 days 00:00:44.659000,11261,248,6,100,False,8,car,0.6664347491402477,OnTrack,-4361,1741,7388,2862.1647222222236,0.63,0.18,44.659
2023-06-30 16:05:16.907,0 days 01:19:56.422000,44,788.6147222222221,0 days 00:00:44.819000,11250,252,6,100,False,8,car,0.669036803123704,OnTrack,-4309,1656,7380,2873.364722222224,0.67,0.44,44.819
2023-06-30 16:05:17.027,0 days 01:19:56.542000,44,787.8369444444443,0 days 00:00:44.939000,11339,254,6,100,False,8,pos,0.6710175849333073,OnTrack,-4254,1568,7374,2881.8313888888906,0.56,0.81,44.939
2023-06-30 16:05:17.067,0 days 01:19:56.582000,44,787.0591666666664,0 days 00:00:44.979000,11429,256,6,100,False,8,car,0.671680159551342,OnTrack,-4230,1531,7371,2884.675833333335,0.36,1.21,44.979
2023-06-30 16:05:17.227,0 days 01:19:56.742000,44,785.7536111111115,0 days 00:00:45.139000,11472,256,6,100,False,8,pos,0.674332779587891,OnTrack,-4128,1377,7361,2896.0536111111132,0.26,1.46,45.139
2023-06-30 16:05:17.267,0 days 01:19:56.782000,44,784.4480555555565,0 days 00:00:45.179000,11515,257,6,100,False,8,car,0.6749972620996963,OnTrack,-4108,1348,7359,2898.9091666666686,0.3,1.69,45.179
2023-06-30 16:05:17.507,0 days 01:19:57.022000,44,780.5147222222222,0 days 00:00:45.419000,11762,259,6,100,False,8,car,0.6790087619908579,OnTrack,-4042,1262,7354,2916.175833333335,0.36,2.18,45.419
2023-06-30 16:05:17.607,0 days 01:19:57.122000,44,778.9813888888887,0 days 00:00:45.519000,11672,261,6,89,False,8,pos,0.6807064593757731,OnTrack,-4014,1228,7353,2923.425833333335,0.35,2.99,45.519
2023-06-30 16:05:17.667,0 days 01:19:57.182000,44,777.4480555555551,0 days 00:00:45.579000,11583,263,6,79,False,8,car,0.6817243976958143,OnTrack,-3992,1202,7351,2927.8091666666687,0.04,3.36,45.579
2023-06-30 16:05:17.827,0 days 01:19:57.342000,44,775.1147222222219,0 days 00:00:45.739000,11642,261,6,55,False,8,pos,0.6844141381706386,OnTrack,-3913,1116,7348,2939.4091666666686,-0.23,3.63,45.739
2023-06-30 16:05:17.907,0 days 01:19:57.422000,44,772.7813888888886,0 days 00:00:45.819000,11702,260,6,31,False,8,car,0.6857513860035441,OnTrack,-3854,1063,7345,2945.186944444447,-0.43,4.5,45.819
2023-06-30 16:05:18.027,0 days 01:19:57.542000,44,770.836944444444,0 days 00:00:45.939000,11472,258,6,23,False,8,pos,0.6877518932679144,OnTrack,-3762,988,7341,2953.786944444447,-0.65,5.81,45.939
2023-06-30 16:05:18.107,0 days 01:19:57.622000,44,768.8924999999995,0 days 00:00:46.019000,11242,257,6,16,False,8,car,0.6890684885518984,OnTrack,-3715,950,7339,2959.4980555555576,-0.88,6.2,46.019
2023-06-30 16:05:18.347,0 days 01:19:57.862000,44,764.625833333333,0 days 00:00:46.259000,10913,247,6,30,False,8,car,0.6928941274442417,OnTrack,-3626,895,7336,2975.9647222222243,-0.95,5.72,46.259
2023-06-30 16:05:18.467,0 days 01:19:57.982000,44,762.9962037037034,0 days 00:00:46.379000,10681,243,6,32,False,8,pos,0.6947477038976102,OnTrack,-3544,874,7336,2984.064722222224,-0.95,5.78,46.379
2023-06-30 16:05:18.647,0 days 01:19:58.162000,44,761.3665740740736,0 days 00:00:46.559000,10450,239,6,35,False,8,pos,0.6974685604808312,OnTrack,-3369,844,7335,2996.014722222224,-0.98,6.61,46.559
2023-06-30 16:05:18.667,0 days 01:19:58.182000,44,759.7369444444439,0 days 00:00:46.579000,10219,236,6,38,False,8,car,0.6977678158576992,OnTrack,-3353,842,7334,2997.325833333335,-1.0,6.61,46.579
2023-06-30 16:05:18.827,0 days 01:19:58.342000,44,757.6036111111102,0 days 00:00:46.739000,10390,230,6,59,False,8,car,0.7001427063981552,OnTrack,-3285,842,7334,3007.5480555555573,-0.77,7.06,46.739
2023-06-30 16:05:18.967,0 days 01:19:58.482000,44,756.6540277777774,0 days 00:00:46.879000,10392,229,6,68,False,8,pos,0.7022031321604957,OnTrack,-3235,856,7335,3016.453611111113,-0.41,5.71,46.879
2023-06-30 16:05:18.986,0 days 01:19:58.501000,44,755.7044444444446,0 days 00:00:46.898000,10394,228,6,78,False,8,car,0.7024822317207806,OnTrack,-3225,858,7335,3017.6569444444467,-0.14,3.85,46.898
2023-06-30 16:05:19.227,0 days 01:19:58.742000,44,754.2655555555559,0 days 00:00:47.139000,10455,228,6,89,False,8,pos,0.7060243744791495,OnTrack,-3073,901,7337,3032.92027777778,0.04,3.14,47.139
2023-06-30 16:05:19.266,0 days 01:19:58.781000,44,752.8266666666673,0 days 00:00:47.178000,10517,228,6,100,False,8,car,0.7066021505279195,OnTrack,-3049,909,7337,3035.39027777778,0.21,3.4,47.178
2023-06-30 16:05:19.487,0 days 01:19:59.002000,44,751.5266666666666,0 days 00:00:47.399000,10550,230,6,100,False,8,pos,0.7099092345365352,OnTrack,-2921,973,7340,3049.5097222222244,0.41,4.46,47.399
2023-06-30 16:05:19.506,0 days 01:19:59.021000,44,750.226666666666,0 days 00:00:47.418000,10583,232,6,100,False,8,car,0.71019546317174,OnTrack,-2909,980,7340,3050.734166666669,0.64,6.28,47.418
2023-06-30 16:05:19.567,0 days 01:19:59.082000,44,749.1988888888886,0 days 00:00:47.479000,10684,233,6,100,False,8,pos,0.7111160938499352,OnTrack,-2871,1004,7342,3054.6822222222245,0.5,3.93,47.479
2023-06-30 16:05:19.706,0 days 01:19:59.221000,44,748.1711111111113,0 days 00:00:47.618000,10785,235,6,100,False,8,car,0.7132286114163442,OnTrack,-2794,1057,7344,3063.755833333336,0.41,2.36,47.618
2023-06-30 16:05:19.827,0 days 01:19:59.342000,44,746.8748148148151,0 days 00:00:47.739000,10866,237,6,100,False,8,pos,0.7150939144213739,OnTrack,-2738,1102,7346,3071.721666666669,0.38,1.48,47.739
2023-06-30 16:05:20.047,0 days 01:19:59.562000,44,745.5785185185188,0 days 00:00:47.959000,10948,239,6,100,False,8,pos,0.7185294522253742,OnTrack,-2635,1194,7349,3086.327222222225,0.34,0.94,47.959
2023-06-30 16:05:20.106,0 days 01:19:59.621000,44,744.2822222222226,0 days 00:00:48.018000,11030,241,6,100,False,8,car,0.7194497920712345,OnTrack,-2589,1235,7349,3090.276944444447,0.31,0.55,48.018
2023-06-30 16:05:20.267,0 days 01:19:59.782000,44,743.4488888888886,0 days 00:00:48.179000,11020,241,6,100,False,8,pos,0.7219599443617969,OnTrack,-2453,1357,7352,3101.0550000000026,0.39,0.34,48.179
2023-06-30 16:05:20.306,0 days 01:19:59.821000,44,742.6155555555547,0 days 00:00:48.218000,11011,242,6,100,False,8,car,0.7225732894124866,OnTrack,-2432,1375,7352,3103.6766666666695,0.59,0.19,48.218
2023-06-30 16:05:20.546,0 days 01:20:00.061000,44,740.548888888889,0 days 00:00:48.458000,11225,248,6,100,False,8,car,0.726414416721398,OnTrack,-2383,1421,7352,3120.2100000000023,0.67,-0.05,48.458
2023-06-30 16:05:20.567,0 days 01:20:00.082000,44,738.6970370370368,0 days 00:00:48.479000,11343,250,6,100,False,8,pos,0.7267550692247169,OnTrack,-2376,1428,7352,3121.668333333336,0.54,-0.41,48.479
2023-06-30 16:05:20.767,0 days 01:20:00.282000,44,736.8451851851846,0 days 00:00:48.679000,11462,252,6,100,False,8,pos,0.7300327809950549,OnTrack,-2270,1526,7352,3135.668333333336,0.42,-0.69,48.679
2023-06-30 16:05:20.946,0 days 01:20:00.461000,44,734.9933333333324,0 days 00:00:48.858000,11581,255,6,100,False,8,car,0.7329969937628792,OnTrack,-2165,1617,7357,3148.347500000002,0.37,-1.14,48.858
2023-06-30 16:05:21.108,0 days 01:20:00.623000,44,733.2433333333329,0 days 00:00:49.020000,11609,256,6,100,False,8,pos,0.7356925062336339,OnTrack,-2075,1693,7362,3159.8675000000026,0.38,-2.01,49.02
2023-06-30 16:05:21.146,0 days 01:20:00.661000,44,731.4933333333333,0 days 00:00:49.058000,11638,258,6,100,False,8,car,0.7363270033250404,OnTrack,-2054,1709,7362,3162.5908333333355,0.37,-2.98,49.058
2023-06-30 16:05:21.328,0 days 01:20:00.843000,44,729.5391666666665,0 days 00:00:49.240000,11638,259,6,100,False,8,pos,0.7393794478207434,OnTrack,-1948,1786,7363,3175.6847222222245,0.36,-3.65,49.24
2023-06-30 16:05:21.347,0 days 01:20:00.862000,44,727.5849999999996,0 days 00:00:49.259000,11638,260,6,100,False,8,car,0.7396996060327642,OnTrack,-1932,1795,7363,3177.056944444447,0.35,-4.26,49.259
2023-06-30 16:05:21.507,0 days 01:20:01.022000,44,724.2516666666666,0 days 00:00:49.419000,11078,262,6,100,False,8,car,0.7424049161266749,OnTrack,-1778,1885,7363,3188.701388888891,0.27,-4.68,49.419
2023-06-30 16:05:21.547,0 days 01:20:01.062000,44,721.5516666666667,0 days 00:00:49.459000,10839,262,6,100,False,8,pos,0.7430818610928593,OnTrack,-1742,1904,7364,3191.6125000000025,0.24,-4.1,49.459
2023-06-30 16:05:21.747,0 days 01:20:01.262000,44,718.8516666666669,0 days 00:00:49.659000,10600,263,7,100,False,8,car,0.7464783696841093,OnTrack,-1604,1962,7364,3206.2236111111133,0.31,-3.15,49.659
2023-06-30 16:05:21.987,0 days 01:20:01.502000,44,713.5961111111112,0 days 00:00:49.899000,10690,266,7,100,False,8,pos,0.7506358519150221,OnTrack,-1483,1990,7365,3223.956944444447,0.36,-2.66,49.899
2023-06-30 16:05:22.187,0 days 01:20:01.702000,44,708.3405555555555,0 days 00:00:50.099000,10780,270,7,100,False,8,car,0.7541451358853641,OnTrack,-1371,2011,7365,3238.9569444444464,0.38,-2.58,50.099
2023-06-30 16:05:22.347,0 days 01:20:01.862000,44,705.8812962962961,0 days 00:00:50.259000,10822,271,7,100,False,8,pos,0.7569657937911376,OnTrack,-1258,2027,7367,3251.001388888891,0.36,-2.7,50.259
2023-06-30 16:05:22.427,0 days 01:20:01.942000,44,703.4220370370367,0 days 00:00:50.339000,10864,272,7,100,False,8,pos,0.7583818725854211,OnTrack,-1190,2033,7368,3257.0458333333354,0.38,-2.34,50.339
2023-06-30 16:05:22.507,0 days 01:20:02.022000,44,700.9627777777773,0 days 00:00:50.419000,10906,274,7,100,False,8,car,0.7598035707382768,OnTrack,-1127,2037,7369,3263.1347222222244,0.35,-1.24,50.419
2023-06-30 16:05:22.767,0 days 01:20:02.282000,44,697.1627777777774,0 days 00:00:50.679000,10949,276,7,100,False,8,pos,0.7644612171380974,OnTrack,-929,2046,7374,3283.068055555558,0.33,-0.7,50.679
2023-06-30 16:05:22.867,0 days 01:20:02.382000,44,693.3627777777774,0 days 00:00:50.779000,10993,278,7,100,False,8,car,0.7662622404472127,OnTrack,-825,2049,7377,3290.7902777777804,0.31,-0.45,50.779
2023-06-30 16:05:23.027,0 days 01:20:02.542000,44,691.3349999999996,0 days 00:00:50.939000,11055,279,7,100,False,8,pos,0.7691516941609272,OnTrack,-658,2054,7383,3303.19027777778,0.3,-0.35,50.939
2023-06-30 16:05:23.067,0 days 01:20:02.582000,44,689.3072222222218,0 days 00:00:50.979000,11118,280,7,100,False,8,car,0.769876204313124,OnTrack,-625,2054,7384,3306.301388888891,0.29,-0.28,50.979
2023-06-30 16:05:23.307,0 days 01:20:02.822000,44,684.7738888888889,0 days 00:00:51.219000,11166,282,7,100,False,8,car,0.774243937785354,OnTrack,-495,2057,7389,3325.101388888891,0.3,-0.26,51.219
2023-06-30 16:05:23.387,0 days 01:20:02.902000,44,683.3294444444446,0 days 00:00:51.299000,11210,283,7,100,False,8,pos,0.7757075423271221,OnTrack,-447,2058,7392,3331.39027777778,0.3,-0.24,51.299
2023-06-30 16:05:23.467,0 days 01:20:02.982000,44,681.8850000000002,0 days 00:00:51.379000,11255,284,7,100,False,8,car,0.7771764113222649,OnTrack,-388,2058,7394,3337.701388888891,0.24,-0.09,51.379
2023-06-30 16:05:23.607,0 days 01:20:03.122000,44,676.8849999999998,0 days 00:00:51.519000,11357,286,7,100,False,8,pos,0.7797630797279012,OnTrack,-274,2060,7400,3348.823611111113,0.18,-0.02,51.519
2023-06-30 16:05:24.547,0 days 01:20:04.062000,44,671.8849999999993,0 days 00:00:52.459000,11460,289,7,100,False,8,pos,0.7975188052172815,OnTrack,469,2066,7431,3424.284722222225,0.17,0.01,52.459
2023-06-30 16:05:24.667,0 days 01:20:04.182000,44,666.8849999999989,0 days 00:00:52.579000,11563,292,7,100,False,8,car,0.7997894995118245,OnTrack,560,2066,7433,3434.018055555558,0.24,0.07,52.579
2023-06-30 16:05:24.767,0 days 01:20:04.282000,44,665.9294444444436,0 days 00:00:52.679000,11591,292,7,100,False,8,pos,0.8016796616429385,OnTrack,647,2068,7435,3442.1291666666693,0.24,0.18,52.679
2023-06-30 16:05:24.827,0 days 01:20:04.342000,44,664.9738888888883,0 days 00:00:52.739000,11620,293,7,100,False,8,car,0.8028149035481446,OnTrack,707,2068,7436,3447.012500000002,0.19,0.19,52.739
2023-06-30 16:05:24.987,0 days 01:20:04.502000,44,663.240555555556,0 days 00:00:52.899000,10500,294,7,100,False,8,car,0.8058506331955102,OnTrack,894,2071,7441,3460.079166666669,0.17,0.15,52.899
2023-06-30 16:05:25.107,0 days 01:20:04.622000,44,662.2405555555556,0 days 00:00:53.019000,10522,294,7,100,False,8,pos,0.8081322082851164,OnTrack,1019,2074,7444,3469.879166666669,0.19,0.12,53.019
2023-06-30 16:05:25.187,0 days 01:20:04.702000,44,661.2405555555551,0 days 00:00:53.099000,10545,295,8,100,False,8,car,0.8096582022685239,OnTrack,1086,2075,7445,3476.434722222224,0.23,0.11,53.099
2023-06-30 16:05:25.507,0 days 01:20:05.022000,44,658.3961111111103,0 days 00:00:53.419000,10577,298,8,100,False,8,car,0.8158122664516188,OnTrack,1279,2079,7446,3502.923611111113,0.22,0.12,53.419
2023-06-30 16:05:25.547,0 days 01:20:05.062000,44,657.4986111111106,0 days 00:00:53.459000,10617,298,8,100,False,8,pos,0.8165848771417706,OnTrack,1307,2080,7447,3506.2347222222247,0.19,0.13,53.459
2023-06-30 16:05:25.727,0 days 01:20:05.242000,44,656.6011111111108,0 days 00:00:53.639000,10657,299,8,100,False,8,pos,0.8200682564071485,OnTrack,1448,2084,7449,3521.1847222222245,0.17,0.11,53.639
2023-06-30 16:05:25.866,0 days 01:20:05.381000,44,655.7036111111111,0 days 00:00:53.778000,10697,300,8,100,False,8,car,0.8227626933865947,OnTrack,1563,2087,7449,3532.7680555555576,0.17,0.08,53.778
2023-06-30 16:05:25.887,0 days 01:20:05.402000,44,655.0369444444436,0 days 00:00:53.799000,10705,300,8,100,False,8,pos,0.823169990399347,OnTrack,1581,2088,7449,3534.5180555555576,0.19,0.06,53.799
2023-06-30 16:05:26.066,0 days 01:20:05.581000,44,654.3702777777762,0 days 00:00:53.978000,10714,301,8,100,False,8,car,0.8266477045424495,OnTrack,1731,2092,7449,3549.4844444444466,0.21,0.04,53.978
2023-06-30 16:05:26.127,0 days 01:20:05.642000,44,653.731388888888,0 days 00:00:54.039000,10729,302,8,100,False,8,pos,0.8278384244198157,OnTrack,1781,2094,7449,3554.6016666666687,0.2,0.01,54.039
2023-06-30 16:05:26.266,0 days 01:20:05.781000,44,653.0924999999997,0 days 00:00:54.178000,10745,303,8,100,False,8,car,0.8305585297259178,OnTrack,1889,2097,7448,3566.300833333335,0.12,-0.03,54.178
2023-06-30 16:05:26.367,0 days 01:20:05.882000,44,652.4591666666654,0 days 00:00:54.279000,10762,303,8,100,False,8,pos,0.8325334348587838,OnTrack,1991,2101,7448,3574.801666666669,0.05,-0.06,54.279
2023-06-30 16:05:26.506,0 days 01:20:06.021000,44,651.825833333331,0 days 00:00:54.418000,10779,303,8,100,False,8,car,0.8352515199460799,OnTrack,2188,2106,7446,3586.5008333333353,0.05,-0.15,54.418
2023-06-30 16:05:26.587,0 days 01:20:06.102000,44,651.292499999998,0 days 00:00:54.499000,10797,303,8,100,False,8,pos,0.8368376822702884,OnTrack,2286,2109,7445,3593.3183333333354,0.11,-0.38,54.499
2023-06-30 16:05:26.746,0 days 01:20:06.261000,44,650.7591666666649,0 days 00:00:54.658000,10816,304,8,100,False,8,car,0.8399599985828102,OnTrack,2371,2112,7443,3606.745000000002,0.18,-0.68,54.658
2023-06-30 16:05:26.887,0 days 01:20:06.402000,44,650.3424999999982,0 days 00:00:54.799000,10820,305,8,100,False,8,pos,0.8427442724228402,OnTrack,2422,2113,7443,3618.6908333333354,0.19,-0.91,54.799
2023-06-30 16:05:26.946,0 days 01:20:06.461000,44,649.9258333333314,0 days 00:00:54.858000,10825,306,8,100,False,8,car,0.843909544807699,OnTrack,2459,2112,7442,3623.7058333333352,0.12,-0.99,54.858
2023-06-30 16:05:27.146,0 days 01:20:06.661000,44,649.2591666666658,0 days 00:00:55.058000,10881,306,8,100,False,8,car,0.8478590910325879,OnTrack,2645,2111,7438,3640.7058333333357,0.01,-1.29,55.058
2023-06-30 16:05:27.227,0 days 01:20:06.742000,44,648.8702777777771,0 days 00:00:55.139000,10875,306,8,100,False,8,pos,0.8494715845108504,OnTrack,2719,2110,7437,3647.590833333336,-0.28,-1.86,55.139
2023-06-30 16:05:27.426,0 days 01:20:06.941000,44,648.4813888888884,0 days 00:00:55.338000,10869,307,8,100,True,8,car,0.8534065255667618,OnTrack,2881,2103,7432,3664.5611111111134,-0.85,-2.5,55.338
2023-06-30 16:05:27.488,0 days 01:20:07.003000,44,648.9091666666661,0 days 00:00:55.400000,10458,298,8,50,True,8,pos,0.8545924431682641,OnTrack,2939,2098,7431,3669.6933333333354,-1.36,-2.96,55.4
2023-06-30 16:05:27.706,0 days 01:20:07.221000,44,649.3369444444438,0 days 00:00:55.618000,10048,289,8,1,True,8,car,0.8586287033530037,OnTrack,3180,2061,7423,3687.1938888888913,-1.49,-3.83,55.618
2023-06-30 16:05:27.768,0 days 01:20:07.283000,44,650.2072222222212,0 days 00:00:55.680000,10322,283,8,3,True,8,pos,0.8597548341727317,OnTrack,3236,2051,7422,3692.06777777778,-1.3,-4.8,55.68
2023-06-30 16:05:27.947,0 days 01:20:07.462000,44,651.0774999999985,0 days 00:00:55.859000,10597,278,8,5,True,8,car,0.8629524239081524,OnTrack,3328,2028,7418,3705.890555555558,-1.09,-4.49,55.859
2023-06-30 16:05:28.107,0 days 01:20:07.622000,44,652.6774999999989,0 days 00:00:56.019000,10506,269,7,6,True,8,pos,0.8657300132793814,OnTrack,3392,2001,7416,3717.8461111111133,-0.97,-4.14,56.019
2023-06-30 16:05:28.407,0 days 01:20:07.922000,44,654.810833333333,0 days 00:00:56.319000,10289,264,7,17,True,8,pos,0.8707683104378587,OnTrack,3587,1895,7405,3739.8461111111137,-0.93,-4.66,56.319
2023-06-30 16:05:28.427,0 days 01:20:07.942000,44,656.9441666666671,0 days 00:00:56.339000,10073,260,7,28,False,8,car,0.8710993310230212,OnTrack,3599,1886,7404,3741.290555555558,-0.99,-6.89,56.339
2023-06-30 16:05:28.587,0 days 01:20:08.102000,44,659.3441666666663,0 days 00:00:56.499000,10022,255,7,46,False,8,car,0.8737323618396138,OnTrack,3686,1814,7397,3752.6238888888915,-0.71,-7.47,56.499
2023-06-30 16:05:28.647,0 days 01:20:08.162000,44,661.4108333333328,0 days 00:00:56.559000,10077,254,7,59,False,8,pos,0.8747139343145274,OnTrack,3715,1787,7396,3756.8572222222247,-0.37,-6.23,56.559
2023-06-30 16:05:28.827,0 days 01:20:08.342000,44,663.4774999999993,0 days 00:00:56.739000,10133,253,7,73,False,8,pos,0.8776407443809169,OnTrack,3795,1692,7392,3769.5072222222248,-0.18,-5.46,56.739
2023-06-30 16:05:29.007,0 days 01:20:08.522000,44,665.5441666666658,0 days 00:00:56.919000,10188,252,7,86,False,8,pos,0.8805615901854228,OnTrack,3882,1537,7382,3782.1072222222247,-0.07,-5.22,56.919
2023-06-30 16:05:29.067,0 days 01:20:08.582000,44,667.6108333333323,0 days 00:00:56.979000,10244,252,7,100,False,8,car,0.8815385237899823,OnTrack,3902,1493,7379,3786.307222222225,0.07,-4.9,56.979
2023-06-30 16:05:29.227,0 days 01:20:08.742000,44,670.3663888888877,0 days 00:00:57.139000,10141,253,7,100,False,8,car,0.884150903384484,OnTrack,3928,1412,7375,3797.5516666666695,0.18,-3.46,57.139
2023-06-30 16:05:29.387,0 days 01:20:08.902000,44,673.1219444444428,0 days 00:00:57.299000,10193,254,7,100,False,8,car,0.886773608590031,OnTrack,3944,1332,7370,3808.8405555555582,0.26,-1.63,57.299
2023-06-30 16:05:29.447,0 days 01:20:08.962000,44,674.7034259259243,0 days 00:00:57.359000,10260,255,7,100,False,8,pos,0.887766338990241,OnTrack,3956,1290,7367,3813.0905555555582,0.35,0.24,57.359
2023-06-30 16:05:29.507,0 days 01:20:09.022000,44,676.2849074074057,0 days 00:00:57.419000,10327,256,7,100,False,8,pos,0.8887650666951477,OnTrack,3970,1242,7363,3817.3572222222247,0.31,0.54,57.419
2023-06-30 16:05:29.667,0 days 01:20:09.182000,44,677.8663888888873,0 days 00:00:57.579000,10394,258,7,100,False,8,car,0.8914356219770566,OnTrack,4002,1133,7355,3828.823888888892,0.29,0.44,57.579
2023-06-30 16:05:29.827,0 days 01:20:09.342000,44,680.577499999999,0 days 00:00:57.739000,10301,258,7,100,False,8,car,0.8940996296267855,OnTrack,4029,1043,7350,3840.290555555558,0.32,0.28,57.739
2023-06-30 16:05:29.887,0 days 01:20:09.402000,44,681.8441666666665,0 days 00:00:57.799000,10350,260,7,100,False,8,pos,0.8951081597808156,OnTrack,4041,1008,7348,3844.6238888888915,0.46,0.13,57.799
2023-06-30 16:05:29.987,0 days 01:20:09.502000,44,683.1108333333341,0 days 00:00:57.899000,10400,262,7,100,False,8,car,0.8968049397206963,OnTrack,4060,944,7343,3851.9016666666694,0.41,-0.04,57.899
2023-06-30 16:05:30.087,0 days 01:20:09.602000,44,684.6386111111115,0 days 00:00:57.999000,10375,263,7,55,False,8,pos,0.8985229413618973,OnTrack,4084,869,7338,3859.207222222225,-0.0,-0.12,57.999
2023-06-30 16:05:30.187,0 days 01:20:09.702000,44,686.1663888888888,0 days 00:00:58.099000,10351,265,7,10,False,8,car,0.9002252983795052,OnTrack,4113,771,7330,3866.568333333336,-0.83,-0.17,58.099
2023-06-30 16:05:30.287,0 days 01:20:09.802000,44,688.1386111111103,0 days 00:00:58.199000,10351,258,7,10,False,8,pos,0.9018750978532949,OnTrack,4143,675,7323,3873.735000000003,-1.77,-0.29,58.199
2023-06-30 16:05:30.387,0 days 01:20:09.902000,44,690.1108333333318,0 days 00:00:58.299000,10351,251,7,10,True,8,car,0.9034649588450187,OnTrack,4164,603,7317,3880.707222222225,-2.22,-0.62,58.299
2023-06-30 16:05:30.627,0 days 01:20:10.142000,44,696.2441666666655,0 days 00:00:58.539000,9895,230,7,0,True,8,car,0.9070272946557028,OnTrack,4195,502,7309,3896.0405555555585,-2.34,-1.1,58.539
2023-06-30 16:05:30.707,0 days 01:20:10.222000,44,698.577499999999,0 days 00:00:58.619000,10105,223,7,0,True,8,pos,0.9081593849179885,OnTrack,4206,462,7306,3900.996111111114,-2.18,-2.13,58.619
2023-06-30 16:05:30.787,0 days 01:20:10.302000,44,700.9108333333324,0 days 00:00:58.699000,10315,217,6,0,True,8,car,0.9092679522525677,OnTrack,4217,414,7301,3905.818333333336,-1.63,-2.85,58.699
2023-06-30 16:05:30.887,0 days 01:20:10.402000,44,704.644166666666,0 days 00:00:58.799000,10422,212,6,1,True,8,pos,0.9106214248331175,OnTrack,4231,350,7296,3911.707222222225,-1.05,-3.04,58.799
2023-06-30 16:05:31.027,0 days 01:20:10.542000,44,708.3774999999996,0 days 00:00:58.939000,10530,208,5,2,True,8,car,0.9124895428987516,OnTrack,4242,263,7290,3919.796111111114,-0.69,-3.61,58.939
2023-06-30 16:05:31.147,0 days 01:20:10.662000,44,710.7108333333326,0 days 00:00:59.059000,10390,207,5,4,True,8,pos,0.9141052789725052,OnTrack,4246,194,7286,3926.6961111111136,-0.6,-4.68,59.059
2023-06-30 16:05:31.227,0 days 01:20:10.742000,44,713.0441666666657,0 days 00:00:59.139000,10250,207,5,6,False,8,car,0.9151612947567647,OnTrack,4245,149,7283,3931.296111111114,-0.89,-5.29,59.139
2023-06-30 16:05:31.327,0 days 01:20:10.842000,44,714.4219444444441,0 days 00:00:59.239000,10263,200,5,31,False,8,pos,0.9164337180597779,OnTrack,4241,96,7280,3936.851666666669,-0.93,-5.02,59.239
2023-06-30 16:05:31.547,0 days 01:20:11.062000,44,715.7997222222225,0 days 00:00:59.459000,10277,193,5,57,False,8,car,0.9191469806203125,OnTrack,4210,-12,7270,3948.646111111114,-0.67,-5.28,59.459
2023-06-30 16:05:31.567,0 days 01:20:11.082000,44,715.8441666666666,0 days 00:00:59.479000,10388,194,5,71,False,8,pos,0.9193984351255716,OnTrack,4207,-22,7270,3949.7238888888915,0.15,-7.5,59.479
2023-06-30 16:05:31.647,0 days 01:20:11.162000,44,715.8886111111107,0 days 00:00:59.559000,10499,196,5,85,False,8,pos,0.920414376119418,OnTrack,4189,-61,7268,3954.079444444447,0.36,-5.19,59.559
2023-06-30 16:05:31.787,0 days 01:20:11.302000,44,715.9330555555548,0 days 00:00:59.699000,10611,198,5,100,False,8,car,0.9222136871008144,OnTrack,4150,-127,7265,3961.7794444444467,0.38,-4.74,59.699
2023-06-30 16:05:31.967,0 days 01:20:11.482000,44,715.4608333333331,0 days 00:00:59.879000,10655,199,5,100,False,8,pos,0.924534928975354,OnTrack,4089,-207,7262,3971.7294444444465,0.41,-4.99,59.879
2023-06-30 16:05:31.987,0 days 01:20:11.502000,44,714.9886111111114,0 days 00:00:59.899000,10700,200,5,100,False,8,car,0.9247950898621797,OnTrack,4081,-215,7261,3972.840555555558,0.58,-5.18,59.899
2023-06-30 16:05:32.147,0 days 01:20:11.662000,44,713.4775000000004,0 days 00:01:00.059000,10869,204,5,100,False,8,pos,0.9269015145154538,OnTrack,4016,-277,7258,3981.9072222222244,0.58,-3.78,60.059
2023-06-30 16:05:32.307,0 days 01:20:11.822000,44,711.2608333333338,0 days 00:01:00.219000,11010,207,5,100,False,8,pos,0.9290696774329963,OnTrack,3940,-330,7255,3991.1072222222247,0.63,-2.98,60.219
2023-06-30 16:05:32.527,0 days 01:20:12.042000,44,709.0441666666674,0 days 00:01:00.439000,11152,210,5,100,False,8,pos,0.93214268797172,OnTrack,3822,-394,7251,4003.940555555558,0.76,-2.5,60.439
2023-06-30 16:05:32.546,0 days 01:20:12.061000,44,706.8275000000008,0 days 00:01:00.458000,11294,214,5,100,False,8,car,0.9324119059200021,OnTrack,3810,-399,7250,4005.0700000000024,0.9,-1.85,60.458
2023-06-30 16:05:32.727,0 days 01:20:12.242000,44,702.383055555556,0 days 00:01:00.639000,11451,219,5,100,False,8,pos,0.9350066032696547,OnTrack,3687,-459,7248,4016.080833333336,0.76,-1.13,60.639
2023-06-30 16:05:32.946,0 days 01:20:12.461000,44,697.9386111111112,0 days 00:01:00.858000,11608,224,5,100,False,8,car,0.9381942481054603,OnTrack,3544,-521,7245,4029.7075000000023,0.71,-0.97,60.858
2023-06-30 16:05:33.186,0 days 01:20:12.701000,44,692.2052777777781,0 days 00:01:01.098000,11828,228,5,100,False,8,car,0.941725607083008,OnTrack,3408,-574,7243,4044.9075000000025,0.72,-1.12,61.098
2023-06-30 16:05:33.187,0 days 01:20:12.702000,44,688.0719444444446,0 days 00:01:01.099000,11275,232,5,100,False,8,pos,0.9417405490964221,OnTrack,3408,-575,7243,4044.9719444444468,0.62,-1.07,61.099
2023-06-30 16:05:33.506,0 days 01:20:13.021000,44,683.9386111111112,0 days 00:01:01.418000,10722,236,5,100,False,8,car,0.9465992954964656,OnTrack,3260,-624,7240,4065.884166666669,0.57,-1.04,61.418
2023-06-30 16:05:33.587,0 days 01:20:13.102000,44,681.960833333334,0 days 00:01:01.499000,10828,237,5,100,False,8,pos,0.9478441688932695,OnTrack,3215,-638,7240,4071.216666666669,0.59,-1.02,61.499
2023-06-30 16:05:33.666,0 days 01:20:13.181000,44,679.9830555555568,0 days 00:01:01.578000,10934,239,6,100,False,10,car,0.9490671165363308,OnTrack,3164,-652,7239,4076.461388888891,0.99,-1.12,61.578
2023-06-30 16:05:33.667,0 days 01:20:13.182000,44,677.1830555555567,0 days 00:01:01.579000,11031,242,6,100,False,10,pos,0.9490826992859804,OnTrack,3164,-653,7239,4076.528611111113,0.72,-0.59,61.579
2023-06-30 16:05:33.887,0 days 01:20:13.402000,44,674.3830555555568,0 days 00:01:01.799000,11128,245,6,100,False,10,pos,0.9525702467740697,OnTrack,3021,-694,7237,4091.5008333333353,0.65,-0.4,61.799
2023-06-30 16:05:34.026,0 days 01:20:13.541000,44,671.5830555555567,0 days 00:01:01.938000,11225,248,6,100,False,12,car,0.9548288074996979,OnTrack,2922,-720,7235,4101.076388888891,0.65,-0.29,61.938
2023-06-30 16:05:34.168,0 days 01:20:13.683000,44,668.5275000000014,0 days 00:01:02.080000,11334,252,6,100,False,12,pos,0.9571763782047725,OnTrack,2820,-747,7234,4111.016388888891,0.71,-0.13,62.08
2023-06-30 16:05:34.348,0 days 01:20:13.863000,44,665.471944444446,0 days 00:01:02.260000,11443,256,6,100,False,12,pos,0.9602055667215873,OnTrack,2697,-778,7232,4123.816388888891,0.73,0.06,62.26
2023-06-30 16:05:34.466,0 days 01:20:13.981000,44,662.4163888888907,0 days 00:01:02.378000,11552,260,6,100,False,12,car,0.9622116193972025,OnTrack,2620,-797,7230,4132.338611111114,0.67,0.2,62.378
2023-06-30 16:05:34.548,0 days 01:20:14.063000,44,659.639722222224,0 days 00:01:02.460000,11268,262,6,100,False,12,pos,0.963614197242212,OnTrack,2557,-815,7230,4138.306388888892,0.54,0.15,62.46
2023-06-30 16:05:34.807,0 days 01:20:14.322000,44,656.8630555555574,0 days 00:01:02.719000,10984,265,6,100,False,12,pos,0.9680907785481772,OnTrack,2294,-886,7226,4157.37166666667,0.5,0.05,62.719
2023-06-30 16:05:34.907,0 days 01:20:14.422000,44,654.0863888888907,0 days 00:01:02.819000,10700,268,7,100,False,12,car,0.9698388901362084,OnTrack,2235,-902,7225,4164.816111111114,0.53,-0.02,62.819
2023-06-30 16:05:35.127,0 days 01:20:14.642000,44,651.5975000000021,0 days 00:01:03.039000,10831,271,7,100,False,12,pos,0.9737229884257114,OnTrack,2157,-924,7224,4181.377222222225,0.6,-0.05,63.039
2023-06-30 16:05:35.187,0 days 01:20:14.702000,44,649.1086111111135,0 days 00:01:03.099000,10962,274,7,100,False,12,car,0.9747900206325067,OnTrack,2120,-933,7223,4185.943888888892,0.65,-0.02,63.099
2023-06-30 16:05:35.427,0 days 01:20:14.942000,44,645.0419444444469,0 days 00:01:03.339000,11056,278,7,100,False,12,car,0.9790958004384641,OnTrack,1926,-985,7220,4204.4772222222255,0.66,0.02,63.339
2023-06-30 16:05:35.467,0 days 01:20:14.982000,44,643.1419444444464,0 days 00:01:03.379000,11144,281,7,100,False,12,pos,0.9798228096296219,OnTrack,1897,-993,7220,4207.599444444448,0.56,0.01,63.379
2023-06-30 16:05:35.667,0 days 01:20:15.182000,44,641.2419444444458,0 days 00:01:03.579000,11232,284,7,100,False,12,pos,0.9834945107438305,OnTrack,1754,-1032,7218,4223.377222222226,0.44,0.01,63.579
2023-06-30 16:05:35.867,0 days 01:20:15.382000,44,639.4419444444461,0 days 00:01:03.779000,11309,285,7,100,False,12,pos,0.9871961659483722,OnTrack,1523,-1094,7216,4239.21055555556,0.36,0.05,63.779
2023-06-30 16:05:35.907,0 days 01:20:15.422000,44,637.6419444444464,0 days 00:01:03.819000,11387,287,7,100,False,12,car,0.9879396862989014,OnTrack,1483,-1104,7215,4242.399444444449,0.36,0.08,63.819
2023-06-30 16:05:36.227,0 days 01:20:15.742000,44,633.2863888888905,0 days 00:01:04.139000,11534,290,7,100,False,12,car,0.9939285407052687,OnTrack,1292,-1156,7214,4268.177222222226,0.34,0.08,64.139
2023-06-30 16:05:36.327,0 days 01:20:15.842000,44,633.2863888888905,0 days 00:01:04.239000,11555,292,7,100,False,12,pos,0.9958167870255019,OnTrack,1237,-1172,7214,4276.288333333338,0.34,-0.34,64.239
2023-06-30 16:05:36.479,0 days 01:20:15.994000,44,633.2863888888905,0 days 00:01:04.391000,11565,293,7,100,False,12,interpolation,0.9987027387559887,OnTrack,1139,-1198,7213,4288.65944444445,0.19,-0.47,64.391
